Date,Time,Hz,GunVfil (v),Gun Ifil (A),GunHV (kV),Dac2,Icath (mA),Gun PW (Ês),Guide Iip (ÊA),Sacn Iip (ÊA),Gun Iip (ÊA),BeamCT ma,RFDriver (W),CCPS,FWHM (Ês),KLY FWD ,Ikly (A),Ekly (kV),Scan Amp (A),Scan F (Hz)
1/6/2026,8:42:38 AM,10.00,1.24,1.00,0.74,0.00,0.10,0.00,10.31,91.92,0.10,0.01,74.69,600.00,0.00,0.01,37.56,73.48,9.00,12.00,Starting process, vac interlock ok and water ok.
1/6/2026,8:48:39 AM,200.00,1.26,1.00,-0.22,0.00,0.01,0.00,33.47,100.54,0.10,0.00,74.44,600.00,0.00,0.01,37.16,73.43,9.00,12.00,
1/6/2026,8:51:13 AM,10.00,1.26,1.00,-0.22,0.00,-0.03,0.00,13.20,94.07,0.10,0.01,74.71,600.00,0.00,0.01,37.60,73.71,9.00,12.00,Increase CCps
1/6/2026,8:57:14 AM,10.00,1.26,1.00,0.85,0.00,0.02,0.00,43.96,105.57,0.10,0.00,74.61,650.00,0.00,0.02,42.52,45.93,9.00,12.00,
1/6/2026,8:57:41 AM,10.00,1.26,1.00,0.72,0.00,0.04,0.00,74.25,115.56,0.10,0.01,74.58,640.00,0.00,0.02,41.54,78.41,9.00,12.00,ccps up
1/6/2026,9:03:42 AM,30.00,1.27,1.00,0.60,0.00,-0.03,0.00,16.13,98.47,0.10,0.01,74.56,640.00,0.00,0.02,41.65,78.34,9.00,12.00,
1/6/2026,9:09:43 AM,10.00,1.27,1.00,-0.22,0.00,-0.05,0.00,7.90,96.40,0.10,0.01,74.61,640.00,0.00,0.02,41.54,78.37,9.00,12.00,
1/6/2026,9:10:02 AM,10.00,1.27,1.00,-0.23,0.00,0.05,0.00,7.38,96.40,0.10,0.01,74.52,650.00,0.00,0.02,42.55,79.51,9.00,12.00,ccps 650
1/6/2026,9:10:31 AM,10.00,1.27,1.00,-0.24,0.00,0.08,0.00,9.65,96.34,0.10,0.01,74.51,660.00,0.00,0.02,43.55,80.62,9.00,12.00,ccps 660
1/6/2026,9:16:32 AM,20.00,1.27,1.00,0.63,0.00,-0.04,0.00,36.63,108.10,0.10,0.01,74.45,660.00,0.00,0.02,43.63,80.64,9.00,12.00,
1/6/2026,9:22:34 AM,20.00,1.27,1.00,0.70,0.00,-0.03,0.00,26.98,108.20,0.10,0.00,74.54,660.00,0.00,0.02,43.65,80.59,9.00,12.00,
1/6/2026,9:28:36 AM,60.00,1.27,1.00,-0.24,0.00,-0.01,0.00,15.23,108.22,0.10,0.01,74.41,660.00,0.00,0.02,43.72,80.73,9.00,12.00,
1/6/2026,9:34:38 AM,290.00,1.27,1.00,-0.24,0.00,0.02,0.00,10.84,110.70,0.10,0.00,74.08,660.00,0.00,0.02,43.08,80.32,9.00,12.00,
1/6/2026,9:40:40 AM,10.00,1.27,1.00,-0.23,0.00,0.01,0.00,7.38,115.70,0.10,0.01,74.44,660.00,0.00,0.02,43.53,80.59,9.00,12.00,
1/6/2026,9:46:41 AM,80.00,1.27,1.00,-0.25,0.00,0.00,0.00,24.90,126.83,0.10,0.01,74.32,680.00,0.00,0.02,45.71,83.02,9.00,12.00,
1/6/2026,9:52:43 AM,190.00,1.27,1.00,-0.24,0.00,0.02,0.00,43.38,145.86,0.10,0.01,74.11,680.00,0.00,0.02,45.22,82.75,9.00,12.00,
1/6/2026,9:58:45 AM,410.00,1.27,1.00,-0.24,0.00,0.03,0.00,22.95,110.80,0.10,0.00,73.88,680.00,0.00,0.02,45.52,82.71,9.00,12.00,
1/6/2026,10:03:35 AM,10.00,1.27,1.00,-0.24,0.00,0.09,0.00,11.82,105.77,0.10,0.00,74.38,680.00,0.00,0.02,45.56,82.72,9.00,12.00,CCPS Volt is 700
1/6/2026,10:09:37 AM,10.00,1.27,1.00,-0.24,0.00,0.15,0.00,21.59,108.31,0.10,0.01,74.34,700.00,0.00,0.02,47.63,84.95,9.00,12.00,
1/6/2026,10:15:39 AM,50.00,1.27,1.00,-0.24,0.00,0.00,0.00,32.77,113.28,0.10,0.01,74.23,700.00,0.00,0.02,47.77,85.30,9.00,12.00,
1/6/2026,10:21:41 AM,80.00,1.27,1.00,-0.24,0.00,0.00,0.00,39.28,118.67,0.10,0.01,74.17,700.00,0.00,0.02,47.77,85.31,9.00,12.00,
1/6/2026,10:27:44 AM,290.00,1.27,1.00,-0.24,0.00,0.03,0.00,53.93,126.81,0.10,0.01,73.90,700.00,0.00,0.02,47.59,85.11,9.00,12.00,
1/6/2026,10:33:47 AM,550.00,1.27,1.00,-0.24,0.00,0.03,0.00,28.22,121.42,0.10,0.01,73.61,700.00,0.00,0.02,47.05,84.86,9.00,12.00,
1/6/2026,10:34:49 AM,10.00,1.27,1.00,-0.25,0.00,-0.02,0.00,20.84,121.31,0.10,0.00,74.23,720.00,0.00,0.02,49.69,87.46,9.00,12.00,Changed CCPS V from 700 to 720.
1/6/2026,10:36:22 AM,20.00,1.27,1.00,-0.24,0.00,0.02,0.00,37.99,126.85,0.10,0.01,74.27,720.00,0.00,0.02,49.79,87.39,9.00,12.00,207 kW peak power at 720 CCPS V
1/6/2026,10:42:24 AM,110.00,1.27,1.00,-0.24,0.00,0.03,0.00,37.70,139.34,0.10,0.00,74.09,720.00,0.00,0.02,49.84,87.54,9.00,12.00,
1/6/2026,10:48:27 AM,230.00,1.27,1.00,0.43,0.00,0.03,0.00,60.31,149.36,0.10,0.01,73.94,720.00,0.00,0.02,49.22,87.41,9.00,12.00,
1/6/2026,10:54:31 AM,350.00,1.27,1.00,0.40,0.00,0.03,0.00,93.36,149.49,0.10,0.01,73.75,720.00,0.00,0.02,49.60,87.40,9.00,12.00,
1/6/2026,11:00:34 AM,530.00,1.27,1.00,0.40,0.00,0.04,0.00,49.29,149.46,0.10,0.01,73.51,720.00,0.00,0.02,49.28,87.13,9.00,12.00,
1/6/2026,11:02:17 AM,10.00,1.27,1.00,0.73,0.00,0.01,0.00,23.34,142.58,0.10,0.01,74.18,720.00,0.00,0.02,49.68,87.45,9.00,12.00,CCPS V changed from 720 to 740.
1/6/2026,11:08:21 AM,90.00,1.27,1.00,0.49,0.00,0.02,0.00,55.14,153.24,0.10,0.00,74.08,740.00,0.00,0.02,51.93,89.87,9.00,12.00,
1/6/2026,11:11:34 AM,110.00,1.27,1.00,0.52,0.00,0.03,0.00,46.05,116.01,0.10,0.00,74.07,740.00,0.00,0.02,51.55,89.87,9.00,12.00,253 kW peak power measured on a ladybug
1/6/2026,11:17:38 AM,270.00,1.28,1.00,-0.24,0.00,0.04,0.00,64.38,118.50,0.10,0.00,73.82,740.00,0.00,0.02,51.29,89.79,9.00,12.00,
1/6/2026,11:23:42 AM,290.00,1.28,1.00,-0.24,0.00,0.04,0.00,44.07,124.11,0.10,0.01,73.81,740.00,0.00,0.02,51.87,89.74,9.00,12.00,
1/6/2026,11:29:49 AM,470.00,1.28,1.00,0.40,0.00,0.04,0.00,56.56,129.97,0.10,0.00,73.63,740.00,0.00,0.02,51.18,89.48,9.00,12.00,
1/6/2026,11:32:42 AM,10.00,1.28,1.00,0.74,0.00,0.03,0.00,22.58,123.92,0.10,0.01,74.19,740.00,0.00,0.02,51.77,89.68,9.00,12.00,CCPS Volt changed from 740 to 760.
1/6/2026,11:36:47 AM,60.00,1.28,1.00,0.59,0.00,0.02,0.00,66.37,133.15,0.10,0.01,74.19,760.00,0.00,0.02,54.06,92.14,9.00,12.00,297 kW peak power measured on a ladybug at 760 CCPS Volt
1/6/2026,11:42:53 AM,130.00,1.28,1.00,-0.25,0.00,0.04,0.00,47.07,132.97,0.10,0.01,74.04,760.00,0.00,0.02,54.03,92.20,9.00,12.00,
1/6/2026,11:48:57 AM,80.00,1.28,1.00,-0.20,0.00,0.05,0.00,14.21,121.43,0.10,0.01,-0.70,760.00,0.00,0.00,0.00,0.00,9.00,12.00,
1/6/2026,11:55:06 AM,90.00,1.28,1.00,-0.23,0.00,0.03,0.00,21.56,126.94,0.10,0.01,74.15,760.00,0.00,0.00,53.78,92.20,9.00,12.00,
1/6/2026,12:01:17 PM,230.00,1.28,1.00,0.50,0.00,0.04,0.00,38.38,126.84,0.10,0.01,73.91,760.00,0.00,0.00,54.00,92.15,9.00,12.00,
1/6/2026,12:07:30 PM,370.00,1.28,1.00,-0.23,0.00,0.05,0.00,74.38,149.47,0.10,0.01,73.73,760.00,0.00,0.00,53.33,91.94,9.00,12.00,
1/6/2026,12:13:43 PM,550.00,1.28,1.00,-0.24,0.00,0.05,0.00,81.79,154.92,0.10,0.01,73.51,760.00,0.00,0.00,53.25,91.69,9.00,12.00,
1/6/2026,12:19:57 PM,100.00,1.28,1.00,-0.24,0.00,0.04,0.00,19.07,145.72,0.10,0.00,74.04,760.00,0.00,0.00,54.08,92.13,9.00,12.00,
1/6/2026,12:26:07 PM,100.00,1.28,1.00,0.50,0.00,0.04,0.00,16.65,126.95,0.10,0.01,73.99,760.00,0.00,0.00,54.08,92.14,9.00,12.00,
1/6/2026,12:32:22 PM,100.00,1.28,1.00,0.53,0.00,0.04,0.00,11.17,124.26,0.10,0.01,73.97,700.00,0.00,0.00,47.59,84.98,9.00,12.00,
1/6/2026,12:36:15 PM,40.00,1.28,1.00,-0.23,0.00,0.03,0.00,10.11,146.30,0.10,0.01,73.99,700.00,0.00,0.00,47.77,85.00,9.00,12.00,CCSP V changed to 700, MOD PW to 10
1/6/2026,12:42:35 PM,470.00,1.28,1.00,-0.23,0.00,0.07,0.00,9.45,121.65,0.10,0.00,73.52,700.00,0.00,0.00,47.24,84.68,9.00,12.00,
1/6/2026,12:45:50 PM,80.00,1.28,1.00,-0.23,0.00,0.04,0.00,8.64,124.24,0.10,0.01,73.98,700.00,0.00,0.00,47.75,85.07,9.00,12.00,CCPS V unchanged at 700, MOD PW is changed from 10 to 12
1/6/2026,12:52:12 PM,490.00,1.28,1.00,-0.23,0.00,0.07,0.00,8.44,130.10,0.10,0.01,73.42,700.00,0.00,0.00,46.98,84.62,9.00,12.00,
1/6/2026,12:53:44 PM,10.00,1.28,1.00,-0.24,0.00,0.03,0.00,8.44,130.06,0.10,0.01,74.01,700.00,0.00,0.00,47.61,84.93,9.00,12.00,MOD PW changed from 12 to 16
1/6/2026,1:00:07 PM,310.00,1.28,1.00,-0.24,0.00,0.07,0.00,7.83,132.99,0.10,0.01,73.59,700.00,0.00,0.00,47.63,84.79,9.00,12.00,
1/6/2026,1:06:33 PM,10.00,1.28,1.00,-0.23,0.00,0.06,0.00,6.77,153.19,0.10,0.01,74.03,700.00,0.00,0.00,47.60,84.64,9.00,12.00,
1/6/2026,1:13:05 PM,10.00,1.28,1.00,0.70,0.00,0.11,0.00,6.46,153.19,0.10,0.01,74.03,700.00,0.00,0.00,47.61,84.73,9.00,12.00,
1/6/2026,1:13:43 PM,10.00,1.28,1.00,0.70,0.00,0.15,0.00,6.31,156.84,0.10,0.01,73.97,700.00,0.00,0.00,47.63,84.66,9.00,12.00,increasing pw to 18
1/6/2026,1:17:36 PM,10.00,1.28,1.00,0.74,0.00,0.00,0.00,6.55,146.34,0.10,0.00,73.96,700.00,0.00,0.00,47.60,84.95,9.00,12.00,increasing pw to 20
1/6/2026,1:21:20 PM,10.00,1.28,1.00,0.76,0.00,-0.00,0.00,6.32,146.36,0.10,0.00,73.93,700.00,0.00,0.00,47.59,84.90,9.00,12.00,increasing pw to 22
1/6/2026,1:24:18 PM,10.00,1.28,1.00,0.72,0.00,0.12,0.00,6.32,146.25,0.10,0.00,73.93,700.00,0.00,0.00,47.60,84.92,9.00,12.00,increasing pw to 24
1/6/2026,1:26:25 PM,10.00,1.28,1.00,0.72,0.00,0.01,0.00,6.18,146.23,0.10,0.01,73.95,700.00,0.00,0.00,47.61,84.89,9.00,12.00,increasing ccps to 720
1/6/2026,1:33:02 PM,250.00,1.28,1.00,0.46,0.00,0.06,0.00,7.57,184.28,0.10,0.01,73.67,720.00,0.00,0.00,49.61,87.08,9.00,12.00,
1/6/2026,1:39:39 PM,10.00,1.28,1.00,-0.24,0.00,0.03,0.00,5.53,164.50,0.10,0.01,73.87,720.00,0.00,0.00,49.69,86.96,9.00,12.00,
1/6/2026,1:46:17 PM,10.00,1.28,1.00,-0.23,0.00,0.01,0.00,6.18,136.48,0.10,0.01,73.92,720.00,0.00,0.00,49.68,86.97,9.00,12.00,
1/6/2026,1:53:00 PM,10.00,1.28,1.00,-0.24,0.00,0.04,0.00,6.76,136.19,0.10,0.00,73.91,720.00,0.00,0.00,49.66,87.03,9.00,12.00,
1/6/2026,1:56:04 PM,550.00,1.28,1.00,-0.23,0.00,0.07,0.00,10.46,126.53,0.10,0.01,73.29,720.00,0.00,0.00,48.69,86.61,9.00,12.00,increasing ccps to 740
1/6/2026,2:02:45 PM,550.00,1.28,1.00,-0.24,0.00,0.07,0.00,9.72,136.96,0.10,0.00,73.22,740.00,0.00,-0.01,50.99,89.05,9.00,12.00,
1/6/2026,2:09:29 PM,550.00,1.28,1.00,0.43,0.00,0.07,0.00,11.84,153.27,0.10,0.00,73.17,740.00,0.00,0.00,50.94,89.02,9.00,12.00,
1/6/2026,2:16:13 PM,10.00,1.28,1.00,-0.24,0.00,0.17,0.00,6.52,153.17,0.10,0.00,73.91,740.00,0.00,0.00,51.77,89.22,9.00,12.00,
1/6/2026,2:22:59 PM,10.00,1.28,1.00,0.73,0.00,0.11,0.00,7.08,118.81,0.10,0.01,73.88,740.00,0.00,0.00,51.78,89.23,9.00,12.00,
1/6/2026,2:29:46 PM,350.00,1.28,1.00,0.44,0.00,0.07,0.00,8.64,121.61,0.10,0.01,73.45,740.00,0.00,0.00,51.47,89.34,9.00,12.00,
1/6/2026,2:36:33 PM,10.00,1.28,1.00,0.71,0.00,0.05,0.00,7.74,118.73,0.10,0.00,73.87,740.00,0.00,0.00,51.77,89.30,9.00,12.00,
1/6/2026,2:43:25 PM,150.00,1.28,1.00,0.54,0.00,0.06,0.00,9.06,127.04,0.10,0.00,73.70,740.00,0.00,0.00,51.83,89.46,9.00,12.00,
1/6/2026,2:50:13 PM,150.00,1.29,1.00,-0.23,0.00,0.07,0.00,8.10,153.03,0.10,0.01,73.61,740.00,0.00,0.00,51.87,89.46,9.00,12.00,
1/6/2026,2:57:01 PM,300.00,1.29,1.00,-0.24,0.00,0.07,0.00,7.94,153.24,0.10,0.01,73.47,740.00,0.00,0.00,51.47,89.41,9.00,12.00,
1/6/2026,3:03:16 PM,10.00,1.29,1.00,-0.21,0.00,0.13,0.00,5.72,157.01,0.10,0.01,-0.67,740.00,0.00,0.00,0.00,0.00,9.00,12.00,
1/6/2026,3:09:55 PM,100.00,1.29,1.00,0.55,0.00,0.05,0.00,9.21,153.33,0.10,0.01,73.80,740.00,0.00,0.00,51.58,89.50,9.00,12.00,
1/6/2026,3:16:15 PM,10.00,1.29,1.00,-0.21,0.00,0.09,0.00,10.35,0.11,0.10,0.01,-0.66,740.00,0.00,0.00,0.00,0.00,9.00,12.00,
1/6/2026,3:22:16 PM,10.00,1.29,1.00,-0.20,0.00,0.01,0.00,10.83,0.11,0.10,0.01,-0.69,740.00,0.00,0.00,0.00,0.00,9.00,12.00,
1/6/2026,3:28:17 PM,10.00,1.29,1.00,-0.21,0.00,0.04,0.00,10.58,0.11,0.10,0.01,-0.69,740.00,0.00,0.00,0.00,0.00,9.00,12.00,
1/6/2026,3:34:44 PM,100.00,1.29,1.00,0.55,0.00,0.05,0.00,5.75,116.11,0.10,0.01,73.77,740.00,0.00,0.00,51.91,89.60,9.00,12.00,
1/6/2026,3:41:31 PM,150.00,1.29,1.00,0.52,0.00,0.06,0.00,5.82,142.88,0.10,0.01,73.65,740.00,0.00,0.00,51.42,89.57,9.00,12.00,
1/6/2026,3:48:21 PM,150.00,1.29,1.00,0.53,0.00,0.05,0.00,7.57,116.14,0.10,0.01,73.70,740.00,0.00,0.00,51.85,89.54,9.00,12.00,
1/6/2026,3:55:13 PM,150.00,1.29,1.00,0.56,0.00,0.06,0.00,6.47,121.33,0.10,0.00,73.68,740.00,0.00,-0.01,51.89,89.54,9.00,12.00,
1/6/2026,4:02:08 PM,200.00,1.29,1.00,0.53,0.00,0.06,0.00,6.77,118.99,0.10,0.01,73.58,740.00,0.00,0.00,51.79,89.62,9.00,12.00,
1/6/2026,4:09:00 PM,200.00,1.29,1.00,0.50,0.00,0.06,0.00,6.31,116.19,0.10,0.00,73.63,740.00,0.00,0.00,51.82,89.59,9.00,12.00,
1/6/2026,4:15:57 PM,250.00,1.29,1.00,0.50,0.00,0.06,0.00,6.47,105.98,0.10,0.00,73.56,740.00,0.00,0.00,51.77,89.53,9.00,12.00,
1/6/2026,4:22:53 PM,250.00,1.29,1.00,0.53,0.00,0.06,0.00,6.18,111.10,0.10,0.01,73.64,740.00,0.00,0.00,51.79,89.51,9.00,12.00,
1/6/2026,4:29:50 PM,300.00,1.29,1.00,0.49,0.00,0.06,0.00,6.04,121.56,0.10,0.01,73.52,740.00,0.00,0.00,51.74,89.44,9.00,12.00,
1/6/2026,4:36:44 PM,300.00,1.29,1.00,0.46,0.00,0.07,0.00,6.20,98.94,0.10,0.01,73.44,740.00,0.00,0.00,51.16,89.41,9.00,12.00,
1/6/2026,4:43:43 PM,350.00,1.29,1.00,0.46,0.00,0.06,0.00,6.18,90.36,0.10,0.01,73.46,740.00,0.00,0.00,51.63,89.29,9.00,12.00,
1/6/2026,4:50:46 PM,400.00,1.29,1.00,0.47,0.00,0.06,0.00,5.91,86.43,0.10,0.01,73.41,740.00,0.00,0.00,51.26,89.11,9.00,12.00,
1/6/2026,4:57:49 PM,450.00,1.29,1.00,-0.23,0.00,0.07,0.00,6.18,84.62,0.10,0.00,73.35,740.00,0.00,0.00,51.09,88.98,9.00,12.00,
1/6/2026,5:04:52 PM,450.00,1.29,1.00,-0.23,0.00,0.07,0.00,6.34,86.38,0.10,0.01,73.21,740.00,0.00,0.00,51.05,88.95,9.00,12.00,
1/6/2026,5:11:56 PM,550.00,1.29,1.00,-0.23,0.00,0.07,0.00,8.94,84.52,0.10,0.01,73.13,740.00,0.00,0.00,50.85,88.76,9.00,12.00,
1/6/2026,5:19:01 PM,200.00,1.29,1.00,-0.23,0.00,0.06,0.00,5.66,88.30,0.10,0.01,73.52,740.00,0.00,0.00,51.79,89.37,9.00,12.00,
1/6/2026,5:26:06 PM,400.00,1.29,1.00,-0.23,0.00,0.06,0.00,5.78,84.36,0.10,0.01,73.38,740.00,0.00,0.00,51.13,88.96,9.00,12.00,
1/6/2026,5:33:18 PM,450.00,1.29,1.00,-0.23,0.00,0.07,0.00,6.91,86.89,0.10,0.01,73.31,740.00,0.00,0.00,50.97,88.82,9.00,12.00,
1/6/2026,5:40:32 PM,500.00,1.29,1.00,-0.22,0.00,0.06,0.00,7.04,92.32,0.10,0.01,73.25,740.00,0.00,0.00,50.86,88.71,9.00,12.00,
1/6/2026,5:47:44 PM,550.00,1.29,1.00,-0.15,0.00,0.06,0.00,11.32,98.66,0.10,0.01,73.31,740.00,0.00,0.00,50.78,88.64,9.00,12.00,
1/6/2026,5:54:03 PM,10.00,1.29,1.00,-0.20,0.00,0.04,0.00,4.51,103.62,0.10,0.01,-0.71,740.00,0.00,0.00,0.00,0.00,9.00,12.00,
1/6/2026,6:00:04 PM,10.00,1.29,1.00,-0.20,0.00,0.09,0.00,4.12,108.49,0.10,0.01,-0.71,740.00,0.00,0.00,0.00,0.00,9.00,12.00,
1/6/2026,6:06:06 PM,10.00,1.29,1.00,-0.20,0.00,0.01,0.00,3.94,98.65,0.10,0.01,-0.65,740.00,0.00,0.00,0.00,0.00,9.00,12.00,
1/6/2026,6:13:07 PM,550.00,1.29,1.00,-0.22,0.00,0.07,0.00,6.06,100.86,0.10,0.00,73.40,740.00,0.00,0.00,50.62,88.74,9.00,12.00,
1/6/2026,6:19:19 PM,10.00,1.29,1.00,-0.23,0.00,0.01,0.00,5.28,98.61,0.10,0.00,74.20,740.00,0.00,0.00,51.69,89.27,9.00,12.00,increasing ccps to 760
1/6/2026,6:26:45 PM,510.00,1.29,1.00,-0.23,0.00,0.07,0.00,12.36,103.27,0.10,0.01,73.55,760.00,0.00,0.00,53.36,91.26,9.00,12.00,
1/6/2026,6:33:54 PM,250.00,1.29,1.00,-0.22,0.00,0.06,0.00,19.94,103.38,0.10,0.01,73.74,760.00,0.00,0.00,53.98,91.66,9.00,12.00,
1/6/2026,6:41:09 PM,350.00,1.29,1.00,-0.22,0.00,0.06,0.00,28.62,110.82,0.10,0.01,73.66,760.00,0.00,0.00,53.50,91.39,9.00,12.00,
1/6/2026,6:48:19 PM,250.00,1.29,1.00,-0.22,0.00,0.06,0.00,40.22,123.94,0.10,0.00,73.76,760.00,0.00,0.00,53.88,91.85,9.00,12.00,
1/6/2026,6:55:27 PM,250.00,1.29,1.00,-0.23,0.00,0.06,0.00,16.27,121.21,0.10,0.01,73.84,760.00,0.00,0.00,53.81,91.80,9.00,12.00,
1/6/2026,7:03:04 PM,250.00,0.00,0.00,-0.20,0.00,0.06,0.00,8.57,123.86,0.10,0.01,-0.66,760.00,0.00,0.00,0.00,0.00,9.00,12.00,
1/6/2026,7:10:48 PM,250.00,0.00,0.00,-0.32,0.00,0.00,0.00,0.10,100.87,0.10,0.01,-0.70,760.00,0.00,0.00,0.00,0.00,9.00,12.00,
1/6/2026,7:19:59 PM,250.00,0.00,0.00,-0.31,0.00,0.01,0.00,0.10,105.48,0.10,0.01,-0.69,760.00,0.00,0.00,0.00,0.00,9.00,12.00,
1/6/2026,7:31:11 PM,250.00,0.00,0.00,-0.32,0.00,0.02,0.00,0.10,115.52,0.10,0.01,-0.69,760.00,0.00,0.00,0.00,0.00,9.00,12.00,
1/6/2026,7:42:43 PM,250.00,0.00,0.00,-0.31,0.00,0.02,0.00,0.10,121.06,0.10,0.01,-0.64,760.00,0.00,0.00,0.00,0.00,9.00,12.00,
1/6/2026,7:52:49 PM,250.00,0.00,0.00,-0.31,0.00,0.02,0.00,0.10,132.77,0.10,0.01,-0.65,760.00,0.00,0.00,0.00,0.00,9.00,12.00,
1/6/2026,8:02:10 PM,250.00,0.00,0.00,-0.32,0.00,0.02,0.00,0.10,115.84,0.10,0.01,-0.69,760.00,0.00,0.00,0.00,0.00,9.00,12.00,
1/6/2026,8:11:35 PM,250.00,0.00,0.00,-0.32,0.00,0.02,0.00,0.10,132.75,0.10,0.00,-0.66,760.00,0.00,0.00,0.00,0.00,9.00,12.00,
1/6/2026,8:21:39 PM,250.00,0.00,0.00,-0.31,0.00,0.02,0.00,0.10,118.45,0.10,0.01,-0.66,760.00,0.00,0.00,0.00,0.00,9.00,12.00,
1/6/2026,8:32:10 PM,250.00,0.00,0.00,-0.32,0.00,0.02,0.00,0.10,129.74,0.10,0.01,-0.69,760.00,0.00,0.00,0.00,0.00,9.00,12.00,
1/6/2026,8:42:47 PM,250.00,0.00,0.00,-0.32,0.00,0.02,0.00,0.10,123.96,0.10,0.01,-0.72,760.00,0.00,0.00,0.00,0.00,9.00,12.00,
1/6/2026,8:53:16 PM,250.00,0.00,0.00,-0.31,0.00,0.02,0.00,0.10,149.45,0.10,0.01,-0.68,760.00,0.00,0.00,0.00,0.00,9.00,12.00,
1/6/2026,9:03:55 PM,250.00,0.00,0.00,-0.32,0.00,0.03,0.00,0.10,160.34,0.10,0.01,-0.72,760.00,0.00,0.00,0.00,0.00,9.00,12.00,
1/6/2026,9:14:30 PM,250.00,0.00,0.00,-0.32,0.00,0.02,0.00,0.10,115.91,0.10,0.01,0.23,760.00,0.00,0.00,0.00,0.00,9.00,12.00,
1/6/2026,9:24:56 PM,250.00,0.00,0.00,-0.32,0.00,0.03,0.00,0.10,123.99,0.10,0.01,-0.68,760.00,0.00,0.00,0.00,0.00,9.00,12.00,
1/6/2026,9:35:11 PM,250.00,0.00,0.00,-0.32,0.00,0.03,0.00,0.10,117.42,0.10,0.01,-0.99,760.00,0.00,0.00,0.00,0.00,9.00,12.00,
1/6/2026,9:45:22 PM,250.00,0.00,0.00,-0.32,0.00,0.03,0.00,0.10,124.04,0.10,0.01,-0.68,760.00,0.00,0.00,0.00,0.00,9.00,12.00,
1/6/2026,9:55:29 PM,250.00,0.00,0.00,-0.32,0.00,0.03,0.00,0.10,116.07,0.10,0.01,-0.70,760.00,0.00,0.00,0.00,0.00,9.00,12.00,
1/6/2026,10:05:27 PM,250.00,0.00,0.00,-0.31,0.00,0.03,0.00,0.10,123.92,0.10,0.01,-0.71,760.00,0.00,0.00,0.00,0.00,9.00,12.00,
1/6/2026,10:15:35 PM,250.00,0.00,0.00,-0.31,0.00,0.03,0.00,0.10,116.06,0.10,0.01,-0.72,760.00,0.00,0.00,0.00,0.00,9.00,12.00,
1/6/2026,10:26:53 PM,250.00,0.00,0.00,-0.31,0.00,0.03,0.00,0.10,103.38,0.10,0.01,-1.53,760.00,0.00,0.00,0.00,0.00,9.00,12.00,
1/6/2026,10:39:28 PM,250.00,0.00,0.00,-0.32,0.00,0.03,0.00,0.10,105.80,0.10,0.01,-0.71,760.00,0.00,0.00,0.00,0.00,9.00,12.00,
1/6/2026,10:52:11 PM,250.00,0.00,0.00,-0.32,0.00,0.02,0.00,0.10,110.86,0.10,0.01,-0.69,760.00,0.00,0.00,0.00,0.00,9.00,12.00,
1/6/2026,11:04:47 PM,250.00,0.00,0.00,-0.32,0.00,0.03,0.00,0.10,98.75,0.10,0.01,-0.67,760.00,0.00,0.00,0.00,0.00,9.00,12.00,
1/6/2026,11:17:32 PM,250.00,0.00,0.00,-0.32,0.00,0.03,0.00,0.10,98.81,0.10,0.01,-0.69,760.00,0.00,0.00,0.00,0.00,9.00,12.00,
1/6/2026,11:30:17 PM,250.00,0.00,0.00,-0.32,0.00,0.03,0.00,0.10,96.62,0.10,0.01,-0.73,760.00,0.00,0.00,0.00,0.00,9.00,12.00,
1/6/2026,11:43:31 PM,250.00,0.00,0.00,-0.32,0.00,0.03,0.00,0.10,101.04,0.10,0.01,-0.69,760.00,0.00,0.00,0.00,0.00,9.00,12.00,
1/6/2026,11:56:34 PM,250.00,0.00,0.00,-0.32,0.00,0.03,0.00,0.10,101.14,0.10,0.01,-0.69,760.00,0.00,0.00,0.00,0.00,9.00,12.00,
1/7/2026,12:09:40 AM,250.00,0.00,0.00,-0.32,0.00,0.02,0.00,0.10,103.30,0.10,0.01,-0.69,760.00,0.00,0.00,0.00,0.00,9.00,12.00,
1/7/2026,12:22:56 AM,250.00,0.00,0.00,-0.32,0.00,0.03,0.00,0.10,105.70,0.10,0.01,-0.74,760.00,0.00,0.00,0.00,0.00,9.00,12.00,
1/7/2026,12:36:27 AM,250.00,0.00,0.00,-0.32,0.00,0.03,0.00,0.10,113.53,0.10,0.01,-0.69,760.00,0.00,0.00,0.00,0.00,9.00,12.00,
1/7/2026,12:50:06 AM,250.00,0.00,0.00,-0.32,0.00,0.03,0.00,0.10,115.97,0.10,0.01,-0.71,760.00,0.00,0.00,0.00,0.00,9.00,12.00,
1/7/2026,1:03:52 AM,250.00,0.00,0.00,-0.32,0.00,0.03,0.00,0.10,118.68,0.10,0.01,-0.69,760.00,0.00,0.00,0.00,0.00,9.00,12.00,
1/7/2026,1:17:48 AM,250.00,0.00,0.00,-0.31,0.00,0.02,0.00,0.10,126.88,0.10,0.01,-0.70,760.00,0.00,0.00,0.00,0.00,9.00,12.00,
1/7/2026,1:32:34 AM,250.00,0.00,0.00,-0.32,0.00,0.06,0.00,0.10,121.29,0.10,0.01,-0.73,760.00,0.00,0.00,0.00,0.00,9.00,12.00,
1/7/2026,1:47:05 AM,250.00,0.00,0.00,-0.32,0.00,0.02,0.00,0.10,132.92,0.10,0.01,-0.72,760.00,0.00,0.00,0.00,0.00,9.00,12.00,
1/7/2026,2:00:26 AM,250.00,0.00,0.00,-0.32,0.00,0.03,0.00,0.10,110.80,0.10,0.01,-0.71,760.00,0.00,0.00,0.00,0.00,9.00,12.00,
1/7/2026,2:13:34 AM,250.00,0.00,0.00,-0.32,0.00,0.03,0.00,0.10,116.05,0.10,0.01,-0.70,760.00,0.00,0.00,0.00,0.00,9.00,12.00,
1/7/2026,2:27:51 AM,250.00,0.00,0.00,-0.32,0.00,0.03,0.00,0.10,121.41,0.10,0.01,-0.71,760.00,0.00,0.00,0.00,0.00,9.00,12.00,
1/7/2026,2:42:41 AM,250.00,0.00,0.00,-0.32,0.00,0.02,0.00,0.10,118.61,0.10,0.01,-0.70,760.00,0.00,0.00,0.00,0.00,9.00,12.00,
1/7/2026,2:57:05 AM,250.00,0.00,0.00,-0.32,0.00,0.02,0.00,0.10,108.23,0.10,0.01,-0.70,760.00,0.00,0.00,0.00,0.00,9.00,12.00,
1/7/2026,3:11:43 AM,250.00,0.00,0.00,-0.32,0.00,0.03,0.00,0.10,108.29,0.10,0.01,-0.73,760.00,0.00,0.00,0.00,0.00,9.00,12.00,
1/7/2026,3:26:17 AM,250.00,0.00,0.00,-0.34,0.00,0.03,0.00,0.10,108.30,0.10,0.01,-0.71,760.00,0.00,0.00,0.00,0.00,9.00,12.00,
1/7/2026,3:40:40 AM,250.00,0.00,0.00,-0.32,0.00,0.03,0.00,0.10,110.78,0.10,0.01,-0.69,760.00,0.00,0.00,0.00,0.00,9.00,12.00,
1/7/2026,3:54:55 AM,250.00,0.00,0.00,-0.32,0.00,0.02,0.00,0.10,110.86,0.10,0.01,-0.69,760.00,0.00,0.00,0.00,0.00,9.00,12.00,
1/7/2026,4:08:49 AM,250.00,0.00,0.00,-0.32,0.00,0.03,0.00,0.10,113.27,0.10,0.01,-0.70,760.00,0.00,0.00,0.00,0.00,9.00,12.00,
1/7/2026,4:23:23 AM,250.00,0.00,0.00,-0.32,0.00,0.02,0.00,0.10,115.96,0.10,0.01,-0.76,760.00,0.00,0.00,0.00,0.00,9.00,12.00,
1/7/2026,4:38:32 AM,250.00,0.00,0.00,-0.32,0.00,0.02,0.00,0.10,118.56,0.10,0.01,-0.71,760.00,0.00,0.00,0.00,0.00,9.00,12.00,
1/7/2026,4:53:11 AM,250.00,0.00,0.00,-0.32,0.00,0.03,0.00,0.10,123.98,0.10,0.01,-0.70,760.00,0.00,0.00,0.00,0.00,9.00,12.00,
1/7/2026,5:07:53 AM,250.00,0.00,0.00,-0.32,0.00,0.03,0.00,0.10,110.85,0.10,0.01,-0.73,760.00,0.00,0.00,0.00,0.00,9.00,12.00,
1/7/2026,5:22:56 AM,250.00,0.00,0.00,-0.32,0.00,0.03,0.00,0.10,113.33,0.10,0.01,-0.68,760.00,0.00,0.00,0.00,0.00,9.00,12.00,
1/7/2026,5:38:10 AM,250.00,0.00,0.00,-0.32,0.00,0.03,0.00,0.10,115.90,0.10,0.01,-0.70,760.00,0.00,0.00,0.00,0.00,9.00,12.00,
1/7/2026,5:53:37 AM,250.00,0.00,0.00,-0.32,0.00,0.03,0.00,0.10,121.33,0.10,0.01,-0.70,760.00,0.00,0.00,0.00,0.00,9.00,12.00,
1/7/2026,6:08:46 AM,250.00,0.00,0.00,-0.32,0.00,0.03,0.00,0.10,121.40,0.10,0.01,-0.72,760.00,0.00,0.00,0.00,0.00,9.00,12.00,
1/7/2026,6:23:59 AM,250.00,0.00,0.00,-0.32,0.00,0.03,0.00,0.10,123.81,0.10,0.01,-0.70,760.00,0.00,0.00,0.00,0.00,9.00,12.00,
1/7/2026,6:39:11 AM,250.00,0.00,0.00,-0.32,0.00,0.02,0.00,0.10,126.82,0.10,0.01,-0.70,760.00,0.00,0.00,0.00,0.00,9.00,12.00,
1/7/2026,6:54:35 AM,250.00,0.00,0.00,-0.31,0.00,0.02,0.00,0.10,132.82,0.10,0.01,-0.68,760.00,0.00,0.00,0.00,0.00,9.00,12.00,
1/7/2026,7:10:17 AM,250.00,0.00,0.00,-0.32,0.00,0.02,0.00,0.10,145.96,0.10,0.01,-0.71,760.00,0.00,0.00,0.00,0.00,9.00,12.00,
1/7/2026,7:25:59 AM,250.00,0.00,0.00,-0.32,0.00,0.02,0.00,0.10,132.85,0.10,0.01,-0.68,760.00,0.00,0.00,0.00,0.00,9.00,12.00,
1/7/2026,8:21:10 AM,210.00,1.27,1.00,-0.23,0.00,0.07,0.00,10.56,152.44,0.10,0.01,74.00,760.00,0.00,0.00,53.60,92.44,10.00,12.00,
1/7/2026,8:22:43 AM,250.00,1.27,1.00,-0.22,0.00,0.06,0.00,11.03,148.43,0.10,0.01,74.04,760.00,0.00,0.00,53.63,92.40,10.00,12.00,760 CCPS, 13 MOD PW (10 us), 250 Hz
1/7/2026,8:28:44 AM,30.00,1.27,1.00,-0.23,0.00,0.04,0.00,8.44,163.52,0.10,0.01,74.16,760.00,0.00,0.00,53.83,92.54,10.00,12.00,
1/7/2026,8:28:57 AM,30.00,1.27,1.00,-0.22,0.00,0.04,0.00,8.25,163.55,0.10,0.01,74.27,760.00,0.00,0.00,53.85,92.50,10.00,12.00,CCPS unchanged = 760, MOD PW changed from 13 to 15
1/7/2026,8:34:58 AM,210.00,1.27,1.00,-0.22,0.00,0.06,0.00,10.12,171.19,0.10,0.01,73.92,760.00,0.00,0.00,53.90,92.30,10.00,12.00,
1/7/2026,8:40:59 AM,530.00,1.27,1.00,-0.23,0.00,0.07,0.00,12.65,123.51,0.10,0.00,73.50,760.00,0.00,0.00,53.08,91.83,10.00,12.00,
1/7/2026,8:42:00 AM,10.00,1.27,1.00,-0.23,0.00,0.04,0.00,7.74,123.59,0.10,0.01,74.14,760.00,0.00,0.00,53.85,92.25,10.00,12.00,CCPS V unchanged at 760, MOD PW changed from 15 to 17
1/7/2026,8:48:02 AM,110.00,1.27,1.00,-0.23,0.00,0.05,0.00,7.90,126.49,0.10,0.00,74.03,760.00,0.00,0.00,53.67,92.28,10.00,12.00,
1/7/2026,8:54:04 AM,370.00,1.27,1.00,-0.23,0.00,0.07,0.00,10.10,129.68,0.10,0.01,73.77,760.00,0.00,0.00,53.47,91.92,10.00,12.00,
1/7/2026,8:58:01 AM,10.00,1.27,1.00,-0.24,0.00,0.11,0.00,7.67,121.32,0.10,0.01,73.91,760.00,0.00,0.00,53.87,92.08,10.00,12.00,CCPS V unchanged at 760, MOD PW changed from 17 to 19
1/7/2026,9:04:02 AM,240.00,1.28,1.00,-0.23,0.00,0.06,0.00,8.27,124.07,0.10,0.01,73.87,760.00,0.00,0.00,53.89,92.05,10.00,12.00,
1/7/2026,9:10:04 AM,250.00,1.28,1.00,-0.23,0.00,0.07,0.00,11.31,129.88,0.10,0.00,73.73,760.00,0.00,0.00,53.87,92.11,10.00,12.00,
1/7/2026,9:10:40 AM,10.00,1.28,1.00,-0.23,0.00,0.03,0.00,7.08,126.75,0.10,0.01,74.01,760.00,0.00,0.00,53.87,91.95,10.00,12.00,CCPS unchanged at 760, MOD PW changed from 19 to 21
1/7/2026,9:16:42 AM,230.00,1.28,1.00,-0.23,0.00,0.06,0.00,10.81,132.86,0.10,0.00,73.70,760.00,0.00,0.00,53.31,92.03,10.00,12.00,
1/7/2026,9:22:43 AM,370.00,0.61,0.50,-0.20,0.00,0.07,0.00,12.66,145.90,0.10,0.00,-0.64,760.00,0.00,0.00,0.00,0.00,10.00,12.00,
1/7/2026,9:28:45 AM,90.00,1.27,1.00,0.47,0.00,0.04,0.00,9.67,135.83,0.10,0.01,73.97,760.00,0.00,0.00,54.02,92.11,10.00,12.00,
1/7/2026,9:34:47 AM,130.00,1.28,1.00,0.49,0.00,0.05,0.00,11.06,149.14,0.10,0.00,73.88,760.00,0.00,0.00,53.96,92.05,10.00,12.00,
1/7/2026,9:40:48 AM,350.00,1.28,1.00,0.46,0.00,0.06,0.00,11.56,149.28,0.10,0.00,73.78,760.00,0.00,0.00,53.60,91.77,10.00,12.00,
1/7/2026,9:46:50 AM,30.00,1.28,1.00,0.66,0.00,0.04,0.00,7.41,160.24,0.10,0.00,73.86,760.00,0.00,0.00,53.98,91.92,10.00,12.00,
1/7/2026,9:52:52 AM,190.00,1.28,1.00,0.49,0.00,0.06,0.00,8.10,142.59,0.10,0.00,73.76,760.00,0.00,0.00,53.89,92.04,10.00,12.00,
1/7/2026,9:58:53 AM,410.00,1.28,1.00,0.43,0.00,0.07,0.00,9.90,139.14,0.10,0.00,73.52,760.00,0.00,0.00,53.16,91.50,10.00,12.00,
1/7/2026,10:02:53 AM,10.00,1.28,1.00,0.76,0.00,0.05,0.00,9.61,142.57,0.10,0.01,74.00,760.00,0.00,0.00,53.82,91.84,10.00,12.00,CCPS unchanged at 760, MOD PW changed from 23 to 25
1/7/2026,10:08:55 AM,210.00,1.28,1.00,-0.23,0.00,0.07,0.00,7.67,145.99,0.10,0.00,73.62,760.00,0.00,0.00,53.88,91.97,10.00,12.00,
1/7/2026,10:14:58 AM,490.00,1.28,1.00,0.41,0.00,0.07,0.00,13.59,149.09,0.10,0.01,73.21,760.00,0.00,0.00,52.93,91.26,10.00,12.00,
1/7/2026,10:21:00 AM,10.00,1.28,1.00,-0.20,0.00,0.09,0.00,6.55,153.04,0.10,0.01,-0.71,760.00,0.00,0.00,0.00,0.00,10.00,12.00,
1/7/2026,10:27:02 AM,490.00,1.28,1.00,-0.24,0.00,0.08,0.00,11.08,149.42,0.10,0.00,73.41,760.00,0.00,0.00,52.93,91.20,10.00,12.00,
1/7/2026,10:30:05 AM,550.00,1.28,1.00,-0.24,0.00,0.08,0.00,21.88,146.99,0.10,0.00,73.22,760.00,0.00,0.00,52.75,91.06,10.00,12.00,
1/7/2026,10:36:06 AM,10.00,2.91,1.99,-0.21,0.00,0.02,0.00,10.36,146.23,0.10,0.01,-0.73,760.00,0.00,0.00,0.00,0.00,10.00,12.00,
1/7/2026,10:42:07 AM,10.00,6.22,2.80,-0.21,0.00,0.04,0.00,9.92,133.53,0.10,0.01,-0.65,760.00,0.00,0.00,0.00,0.00,10.00,12.00,
1/7/2026,10:44:06 AM,10.00,6.83,2.80,-0.20,0.00,0.03,0.00,21.41,136.39,0.10,0.01,-0.74,760.00,0.00,0.00,0.00,0.00,10.00,12.00,Filament processing
1/7/2026,11:24:35 AM,10.00,11.21,3.70,-0.20,0.00,0.03,0.00,25.59,133.09,0.10,0.01,-0.72,760.00,0.00,0.00,0.00,0.00,10.00,12.00,
1/7/2026,11:25:36 AM,10.00,11.22,3.70,-0.20,0.00,0.10,0.00,21.90,132.99,0.10,0.01,-0.72,760.00,0.00,0.00,0.00,0.00,10.00,12.00,
1/7/2026,11:26:36 AM,10.00,11.22,3.70,-0.21,0.00,0.10,0.00,22.38,135.97,0.10,0.01,-0.68,760.00,0.00,0.00,0.00,0.00,10.00,12.00,
1/7/2026,11:27:37 AM,10.00,11.23,3.70,-0.21,0.00,0.08,0.00,21.40,139.38,0.10,0.01,-0.76,760.00,0.00,0.00,0.00,0.00,10.00,12.00,
1/7/2026,11:28:38 AM,10.00,11.23,3.70,-0.22,0.00,0.10,0.00,18.70,136.20,0.10,0.01,-0.70,760.00,0.00,0.00,0.00,0.00,10.00,12.00,
1/7/2026,11:29:38 AM,10.00,11.23,3.70,-0.21,0.00,0.08,0.00,15.58,142.69,0.10,0.01,-0.69,760.00,0.00,0.00,0.00,0.00,10.00,12.00,
1/7/2026,11:30:39 AM,10.00,11.23,3.70,-0.21,0.00,0.02,0.00,12.67,136.02,0.10,0.01,-0.72,760.00,0.00,0.00,0.00,0.00,10.00,12.00,
1/7/2026,11:31:39 AM,10.00,11.23,3.70,-0.21,0.00,0.06,0.00,10.83,139.45,0.10,0.01,-0.75,760.00,0.00,0.00,0.00,0.00,10.00,12.00,
1/7/2026,11:32:40 AM,10.00,11.23,3.70,-0.20,0.00,0.13,0.00,9.91,136.13,0.10,0.01,-0.71,760.00,0.00,0.00,0.00,0.00,10.00,12.00,
1/7/2026,11:33:41 AM,10.00,11.23,3.70,-0.21,0.00,0.03,0.00,9.26,135.97,0.10,0.01,-0.72,760.00,0.00,0.00,0.00,0.00,10.00,12.00,
1/7/2026,11:34:41 AM,10.00,11.24,3.70,-0.20,0.00,0.10,0.00,8.65,136.00,0.10,0.01,-0.67,760.00,0.00,0.00,0.00,0.00,10.00,12.00,
1/7/2026,11:35:42 AM,10.00,11.24,3.70,-0.21,0.00,0.07,0.00,8.47,132.96,0.10,0.01,-0.64,760.00,0.00,0.00,0.00,0.00,10.00,12.00,
1/7/2026,11:36:42 AM,10.00,11.24,3.70,-0.20,0.00,0.06,0.00,8.17,133.04,0.10,0.01,-0.66,760.00,0.00,0.00,0.00,0.00,10.00,12.00,
1/7/2026,11:37:43 AM,10.00,11.24,3.70,-0.21,0.00,0.09,0.00,8.10,126.82,0.10,0.01,-0.70,760.00,0.00,0.00,0.00,0.00,10.00,12.00,
1/7/2026,11:38:43 AM,10.00,11.24,3.70,-0.21,0.00,0.14,0.00,7.94,126.72,0.10,0.01,-0.69,760.00,0.00,0.00,0.00,0.00,10.00,12.00,
1/7/2026,11:39:44 AM,10.00,11.24,3.70,-0.21,0.00,0.06,0.00,7.92,129.82,0.10,0.01,-0.72,760.00,0.00,0.00,0.00,0.00,10.00,12.00,
1/7/2026,11:40:45 AM,10.00,11.24,3.70,-0.21,0.00,0.05,0.00,7.74,129.84,0.10,0.01,-0.69,760.00,0.00,0.00,0.00,0.00,10.00,12.00,
1/7/2026,11:41:45 AM,10.00,11.25,3.70,-0.21,0.00,0.07,0.00,7.58,129.72,0.10,0.01,-0.67,760.00,0.00,0.00,0.00,0.00,10.00,12.00,
1/7/2026,11:42:46 AM,10.00,11.25,3.70,-0.21,0.00,0.09,0.00,7.58,132.96,0.10,0.01,-0.78,760.00,0.00,0.00,0.00,0.00,10.00,12.00,
1/7/2026,11:43:46 AM,10.00,11.25,3.70,-0.21,0.00,0.13,0.00,7.58,133.04,0.10,0.01,-0.75,760.00,0.00,0.00,0.00,0.00,10.00,12.00,
1/7/2026,11:44:47 AM,10.00,11.25,3.70,-0.20,0.00,0.02,0.00,7.58,136.09,0.10,0.01,-0.72,760.00,0.00,0.00,0.00,0.00,10.00,12.00,
1/7/2026,11:45:48 AM,10.00,11.25,3.70,-0.20,0.00,0.05,0.00,7.42,129.84,0.10,0.01,-0.71,760.00,0.00,0.00,0.00,0.00,10.00,12.00,
1/7/2026,11:46:48 AM,10.00,11.25,3.70,-0.21,0.00,0.07,0.00,7.41,132.89,0.10,0.01,-0.71,760.00,0.00,0.00,0.00,0.00,10.00,12.00,
1/7/2026,11:47:49 AM,10.00,11.25,3.70,-0.21,0.00,0.10,0.00,7.25,132.94,0.10,0.01,-0.71,760.00,0.00,0.00,0.00,0.00,10.00,12.00,
1/7/2026,11:48:49 AM,10.00,11.25,3.70,-0.21,0.00,0.06,0.00,7.25,132.99,0.10,0.01,-0.69,760.00,0.00,0.00,0.00,0.00,10.00,12.00,
1/7/2026,11:49:50 AM,10.00,11.25,3.70,-0.21,0.00,0.02,0.00,7.24,132.94,0.10,0.01,-0.67,760.00,0.00,0.00,0.00,0.00,10.00,12.00,
1/7/2026,11:50:51 AM,10.00,11.25,3.70,-0.21,0.00,0.07,0.00,7.08,135.97,0.10,0.01,-0.69,760.00,0.00,0.00,0.00,0.00,10.00,12.00,
1/7/2026,11:51:51 AM,10.00,11.26,3.70,-0.21,0.00,0.05,0.00,7.09,136.12,0.10,0.01,-0.71,760.00,0.00,0.00,0.00,0.00,10.00,12.00,
1/7/2026,11:52:52 AM,10.00,11.26,3.70,-0.21,0.00,0.15,0.00,7.09,136.20,0.10,0.01,-0.81,760.00,0.00,0.00,0.00,0.00,10.00,12.00,
1/7/2026,11:53:52 AM,10.00,11.26,3.70,-0.20,0.00,0.12,0.00,6.92,139.33,0.10,0.01,-0.74,760.00,0.00,0.00,0.00,0.00,10.00,12.00,
1/7/2026,11:54:53 AM,10.00,11.26,3.70,-0.21,0.00,0.07,0.00,6.93,139.43,0.10,0.01,-0.68,760.00,0.00,0.00,0.00,0.00,10.00,12.00,
1/7/2026,11:55:53 AM,10.00,11.26,3.70,-0.21,0.00,0.04,0.00,6.78,142.71,0.10,0.01,-0.74,760.00,0.00,0.00,0.00,0.00,10.00,12.00,
1/7/2026,11:56:54 AM,10.00,11.26,3.70,-0.17,0.00,0.12,0.00,6.77,142.90,0.10,0.01,-0.71,760.00,0.00,0.00,0.00,0.00,10.00,12.00,
1/7/2026,11:57:55 AM,10.00,11.26,3.70,-0.21,0.00,0.04,0.00,6.78,146.08,0.10,0.01,-0.71,760.00,0.00,0.00,0.00,0.00,10.00,12.00,
1/7/2026,11:58:55 AM,10.00,11.26,3.70,-0.21,0.00,0.12,0.00,6.77,145.98,0.10,0.01,-0.68,760.00,0.00,0.00,0.00,0.00,10.00,12.00,
1/7/2026,11:59:56 AM,10.00,11.26,3.70,-0.20,0.00,0.12,0.00,6.63,149.54,0.10,0.01,-0.73,760.00,0.00,0.00,0.00,0.00,10.00,12.00,
1/7/2026,12:00:56 PM,10.00,11.26,3.70,-0.21,0.00,0.03,0.00,6.63,149.43,0.10,0.01,-0.74,760.00,0.00,0.00,0.00,0.00,10.00,12.00,
1/7/2026,12:01:57 PM,10.00,11.26,3.70,-0.21,0.00,0.03,0.00,6.47,153.03,0.10,0.01,-0.70,760.00,0.00,0.00,0.00,0.00,10.00,12.00,
1/7/2026,12:02:58 PM,10.00,11.26,3.70,-0.21,0.00,0.14,0.00,6.48,156.60,0.10,0.01,-0.71,760.00,0.00,0.00,0.00,0.00,10.00,12.00,
1/7/2026,12:03:58 PM,10.00,11.26,3.70,-0.20,0.00,0.07,0.00,6.48,153.04,0.10,0.01,-0.72,760.00,0.00,0.00,0.00,0.00,10.00,12.00,
1/7/2026,12:04:59 PM,10.00,11.26,3.70,-0.21,0.00,0.03,0.00,6.33,156.74,0.10,0.01,-0.76,760.00,0.00,0.00,0.00,0.00,10.00,12.00,
1/7/2026,12:05:59 PM,10.00,11.26,3.70,-0.20,0.00,0.07,0.00,6.33,160.16,0.10,0.01,-0.76,760.00,0.00,0.00,0.00,0.00,10.00,12.00,
1/7/2026,12:07:00 PM,10.00,11.26,3.70,-0.22,0.00,0.15,0.00,6.33,160.16,0.10,0.01,-0.75,760.00,0.00,0.00,0.00,0.00,10.00,12.00,
1/7/2026,12:08:01 PM,10.00,11.26,3.70,-0.22,0.00,0.15,0.00,6.19,156.39,0.10,0.01,-0.70,760.00,0.00,0.00,0.00,0.00,10.00,12.00,
1/7/2026,12:09:01 PM,10.00,11.26,3.70,-0.21,0.00,0.02,0.00,6.19,156.46,0.10,0.01,-0.71,760.00,0.00,0.00,0.00,0.00,10.00,12.00,
1/7/2026,12:10:02 PM,10.00,11.27,3.70,-0.21,0.00,0.03,0.00,6.19,160.25,0.10,0.01,-0.70,760.00,0.00,0.00,0.00,0.00,10.00,12.00,
1/7/2026,12:11:02 PM,10.00,11.27,3.70,-0.22,0.00,0.04,0.00,6.19,164.23,0.10,0.01,-0.70,760.00,0.00,0.00,0.00,0.00,10.00,12.00,
1/7/2026,12:12:03 PM,10.00,11.27,3.70,-0.22,0.00,0.02,0.00,6.19,164.12,0.10,0.01,-0.75,760.00,0.00,0.00,0.00,0.00,10.00,12.00,
1/7/2026,12:13:04 PM,10.00,11.27,3.70,-0.21,0.00,0.04,0.00,6.05,171.78,0.10,0.01,-0.74,760.00,0.00,0.00,0.00,0.00,10.00,12.00,
1/7/2026,12:14:04 PM,10.00,11.27,3.70,-0.21,0.00,0.03,0.00,6.06,171.91,0.10,0.01,-0.72,760.00,0.00,0.00,0.00,0.00,10.00,12.00,
1/7/2026,12:15:05 PM,10.00,11.27,3.70,-0.21,0.00,0.11,0.00,6.05,175.86,0.10,0.01,-0.71,760.00,0.00,0.00,0.00,0.00,10.00,12.00,
1/7/2026,12:16:05 PM,10.00,11.27,3.70,-0.21,0.00,0.15,0.00,5.92,179.84,0.10,0.01,-0.71,760.00,0.00,0.00,0.00,0.00,10.00,12.00,
1/7/2026,12:17:06 PM,10.00,11.27,3.70,-0.21,0.00,0.03,0.00,5.92,179.76,0.10,0.01,-0.65,0.00,0.00,0.00,0.00,0.00,10.00,12.00,
1/7/2026,12:18:06 PM,10.00,11.27,3.70,-0.21,0.00,0.06,0.00,5.91,188.12,0.10,0.01,-0.69,0.00,0.00,0.00,0.00,0.00,10.00,12.00,
1/7/2026,12:19:07 PM,10.00,11.27,3.70,-0.21,0.00,0.03,0.00,6.12,192.45,0.10,0.01,-0.73,0.00,0.00,0.00,0.00,0.00,10.00,12.00,
1/7/2026,12:20:08 PM,10.00,11.27,3.70,-0.21,0.00,0.03,0.00,5.97,211.01,0.10,0.01,-0.71,0.00,0.00,0.00,0.00,0.00,10.00,12.00,
1/7/2026,12:21:08 PM,10.00,11.27,3.70,-0.21,1.00,0.04,0.00,5.91,179.73,0.10,0.01,-0.68,0.00,0.00,0.00,0.00,0.00,10.00,12.00,
1/7/2026,12:22:09 PM,10.00,11.27,3.70,-0.21,1.00,0.05,0.00,5.91,184.05,0.10,0.01,-0.66,0.00,0.00,0.00,0.00,0.00,10.00,12.00,
1/7/2026,12:23:09 PM,10.00,11.27,3.70,-0.22,1.00,0.15,0.00,5.79,188.03,0.10,0.01,-0.71,0.00,0.00,0.00,0.00,0.00,10.00,12.00,
1/7/2026,12:24:10 PM,10.00,11.27,3.70,-0.22,1.00,0.15,0.00,5.88,188.12,0.10,0.01,-0.71,0.00,0.00,0.00,0.00,0.00,10.00,12.00,
1/7/2026,12:25:10 PM,10.00,11.27,3.70,-0.21,1.00,0.03,0.00,6.04,149.35,0.10,0.01,-0.71,0.00,0.00,0.00,0.00,0.00,10.00,12.00,
1/7/2026,12:26:11 PM,190.00,11.27,3.70,13.36,1.00,0.55,0.00,14.52,156.72,0.10,0.01,-0.72,0.00,0.00,0.00,0.00,0.00,10.00,12.00,
1/7/2026,12:27:12 PM,470.00,11.27,3.70,-0.21,1.00,0.08,0.00,12.66,152.94,0.10,0.01,-0.77,0.00,0.00,0.00,0.00,0.00,10.00,12.00,
1/7/2026,12:28:12 PM,70.00,11.27,3.70,13.36,1.00,0.54,0.00,10.83,156.47,0.10,0.01,-0.73,0.00,0.00,0.00,0.00,0.00,10.00,12.00,
1/7/2026,12:29:13 PM,230.00,11.27,3.70,13.41,1.00,0.55,0.00,16.30,164.22,0.10,0.01,-0.74,0.00,0.00,0.00,0.00,0.00,10.00,12.00,
1/7/2026,12:30:13 PM,470.00,11.27,3.70,-0.21,1.00,0.08,0.00,16.69,168.12,0.10,0.01,-0.73,0.00,0.00,0.00,0.00,0.00,10.00,12.00,
1/7/2026,12:31:14 PM,360.00,11.27,3.70,-0.21,1.00,0.08,0.00,8.77,153.05,0.10,0.01,-0.76,0.00,0.00,0.00,0.00,0.00,10.00,12.00,
1/7/2026,12:32:14 PM,10.00,11.27,3.70,-0.21,1.00,0.07,0.00,7.57,160.55,0.10,0.01,-0.72,0.00,0.00,0.00,0.00,0.00,10.00,12.00,
1/7/2026,12:33:15 PM,70.00,11.27,3.70,13.35,1.00,0.53,0.00,9.04,164.06,0.10,0.01,-0.74,0.00,0.00,0.00,0.00,0.00,10.00,12.00,
1/7/2026,12:34:16 PM,350.00,11.27,3.70,13.38,1.00,0.56,0.00,19.94,168.22,0.10,0.00,-0.78,0.00,0.00,0.00,0.00,0.00,10.00,12.00,
1/7/2026,12:35:16 PM,470.00,11.27,3.70,-0.21,1.00,0.08,0.00,10.83,175.91,0.10,0.00,-0.74,0.00,0.00,0.00,0.00,0.00,10.00,12.00,
1/7/2026,12:36:17 PM,10.00,11.28,3.70,-0.21,1.00,0.13,0.00,8.28,136.09,0.10,0.01,-0.74,0.00,0.00,0.00,0.00,0.00,10.00,12.00,
1/7/2026,12:37:18 PM,10.00,11.28,3.70,11.02,1.00,0.56,0.00,7.73,136.17,0.10,0.01,-0.79,0.00,0.00,0.00,0.00,0.00,10.00,12.00,
1/7/2026,12:38:19 PM,330.00,11.28,3.70,11.80,1.00,0.56,0.00,18.24,132.93,0.10,0.01,-0.76,0.00,0.00,0.00,0.00,0.00,10.00,12.00,
1/7/2026,12:39:19 PM,550.00,11.28,3.70,11.75,1.00,0.56,0.00,28.24,136.14,0.10,0.00,-0.73,0.00,0.00,0.00,0.00,0.00,10.00,12.00,
1/7/2026,12:40:20 PM,550.00,11.28,3.70,11.76,1.00,0.56,0.00,29.26,139.27,0.10,0.00,-0.73,0.00,0.00,0.00,0.00,0.00,10.00,12.00,
1/7/2026,12:41:21 PM,550.00,11.28,3.70,11.78,1.00,0.57,0.00,29.97,142.55,0.10,0.00,-0.72,0.00,0.00,0.00,0.00,0.00,10.00,12.00,
1/7/2026,12:42:21 PM,550.00,11.28,3.70,13.01,1.09,0.63,0.00,31.61,142.57,0.10,0.00,-0.74,0.00,0.00,0.00,0.00,0.00,10.00,12.00,
1/7/2026,12:43:22 PM,550.00,11.28,3.70,12.98,1.09,0.64,0.00,32.82,163.94,0.10,0.00,-0.76,0.00,0.00,0.00,0.00,0.00,10.00,12.00,
1/7/2026,12:44:22 PM,550.00,11.28,3.70,14.16,1.19,0.70,0.00,35.12,129.93,0.10,0.00,-0.77,0.00,0.00,0.00,0.00,0.00,10.00,12.00,
1/7/2026,12:45:23 PM,550.00,11.28,3.70,15.41,1.29,0.77,0.00,42.04,133.09,0.10,0.00,-0.73,0.00,0.00,0.00,0.00,0.00,10.00,12.00,
1/7/2026,12:46:23 PM,550.00,11.28,3.70,17.82,1.49,0.93,0.00,43.02,139.36,0.10,0.00,-0.83,0.00,0.00,0.00,0.00,0.00,10.00,12.00,
1/7/2026,12:47:24 PM,550.00,11.28,3.70,19.05,1.59,1.00,0.00,45.01,135.97,0.10,0.00,-0.81,0.00,0.00,0.00,0.00,0.00,10.00,12.00,
1/7/2026,12:48:25 PM,550.00,11.28,3.70,20.24,1.69,1.09,0.00,48.20,135.93,0.10,0.01,-0.77,0.00,0.00,0.00,0.00,0.00,10.00,12.00,
1/7/2026,12:49:25 PM,550.00,11.28,3.70,20.28,1.69,1.09,0.00,49.31,139.13,0.10,0.00,-0.81,0.00,0.00,0.00,0.00,0.00,10.00,12.00,
1/7/2026,12:50:26 PM,550.00,11.28,3.70,20.32,1.69,1.12,0.00,52.42,139.03,0.10,0.00,-0.77,0.00,0.00,0.00,0.00,0.00,10.00,12.00,
1/7/2026,12:51:26 PM,550.00,11.28,3.70,20.30,1.69,1.09,0.00,51.49,139.29,0.10,0.00,-0.81,0.00,0.00,0.00,0.00,0.00,10.00,12.00,
1/7/2026,12:52:27 PM,550.00,11.28,3.70,-0.21,1.69,0.09,0.00,19.82,124.00,0.10,0.01,-0.72,0.00,0.00,0.00,0.00,0.00,10.00,12.00,
1/7/2026,12:53:27 PM,550.00,11.28,3.70,-0.21,2.29,0.09,0.00,15.98,124.04,0.10,0.01,-0.74,0.00,0.00,0.00,0.00,0.00,10.00,12.00,
1/7/2026,12:54:28 PM,550.00,11.28,3.70,-0.21,2.29,0.09,0.00,14.87,126.83,0.10,0.01,-0.68,0.00,0.00,-0.00,0.00,0.00,10.00,12.00,
1/7/2026,12:55:29 PM,550.00,11.28,3.70,-0.21,2.29,0.09,0.00,13.27,124.07,0.10,0.01,-0.71,0.00,0.00,-0.00,0.00,0.00,10.00,12.00,
1/7/2026,12:56:29 PM,550.00,11.28,3.70,-0.21,2.29,0.10,0.00,13.10,124.17,0.10,0.01,-0.69,0.00,0.00,0.00,0.00,0.00,10.00,12.00,
1/7/2026,12:57:30 PM,550.00,11.28,3.70,-0.22,2.29,0.09,0.00,11.87,126.99,0.10,0.01,-0.71,0.00,0.00,0.00,0.00,0.00,10.00,12.00,
1/7/2026,12:58:30 PM,550.00,11.28,3.70,-0.21,2.29,0.09,0.00,12.05,126.94,0.10,0.01,-0.71,0.00,0.00,0.00,0.00,0.00,10.00,12.00,
1/7/2026,12:59:31 PM,550.00,11.28,3.70,-0.21,2.29,0.09,0.00,11.09,133.03,0.10,0.01,-0.71,0.00,0.00,0.00,0.00,0.00,10.00,12.00,
1/7/2026,1:00:31 PM,550.00,11.28,3.70,-0.21,2.29,0.09,0.00,10.85,124.11,0.10,0.01,-0.69,0.00,0.00,0.00,0.00,0.00,10.00,12.00,
1/7/2026,1:01:32 PM,5.00,11.28,3.70,-0.21,2.29,0.19,0.00,10.61,124.16,0.10,0.01,-0.75,0.00,0.00,0.00,0.00,0.00,0.00,12.00,
1/7/2026,1:02:32 PM,2.00,11.28,3.70,-0.21,2.29,0.94,0.00,10.36,127.06,0.10,0.01,-0.83,0.00,0.00,0.00,0.00,0.00,0.00,12.00,
1/7/2026,1:03:33 PM,2.00,11.28,3.70,-0.21,2.29,0.20,0.00,10.13,127.07,0.10,0.01,-0.76,820.00,0.00,0.00,0.00,0.00,0.00,12.00,
1/7/2026,1:04:34 PM,2.00,11.28,3.70,-0.22,2.29,0.01,0.00,9.90,129.92,0.10,0.01,-0.72,820.00,0.00,0.00,0.00,0.02,0.00,12.00,
1/7/2026,1:05:34 PM,2.00,11.28,3.70,-0.07,2.29,-0.09,0.00,10.35,133.05,0.10,0.01,-0.46,820.00,0.00,0.00,0.00,51.22,0.00,12.00,
1/7/2026,1:06:35 PM,2.00,11.28,3.70,-0.21,2.29,-0.00,0.00,9.69,132.99,0.10,0.01,-0.72,820.00,0.00,0.00,0.00,0.00,0.00,12.00,
1/7/2026,1:07:35 PM,2.00,11.28,3.70,-0.22,2.29,0.82,0.00,9.47,133.05,0.10,0.01,-0.84,820.00,0.00,0.00,0.00,0.00,0.00,12.00,
1/7/2026,1:08:36 PM,2.00,11.28,3.70,-0.22,2.29,0.38,0.00,9.26,136.16,0.10,0.01,-0.75,820.00,0.00,0.00,0.00,0.00,0.00,12.00,
1/7/2026,1:09:37 PM,2.00,11.28,3.70,-0.21,2.29,-0.00,0.00,9.06,139.40,0.10,0.01,-0.68,820.00,0.00,0.00,0.00,0.00,0.00,12.00,
1/7/2026,1:10:37 PM,2.00,11.28,3.70,-0.22,2.29,0.12,0.00,9.05,146.15,0.10,0.01,-0.75,820.00,0.00,0.00,0.00,0.00,0.00,12.00,
1/7/2026,1:11:38 PM,2.00,11.28,3.70,-0.21,2.29,1.03,0.00,8.86,139.36,0.10,0.01,-0.84,820.00,0.00,0.01,0.00,0.00,0.00,12.00,
1/7/2026,1:12:38 PM,2.00,11.28,3.70,-0.22,2.29,0.54,0.00,8.65,142.59,0.10,0.01,-0.79,820.00,0.00,0.00,0.00,0.00,0.00,12.00,
1/7/2026,1:13:39 PM,2.00,11.28,3.70,-0.21,2.29,-0.06,0.00,8.66,139.36,0.10,0.01,-0.70,820.00,0.00,0.00,0.00,0.00,0.00,12.00,
1/7/2026,1:14:40 PM,2.00,11.28,3.70,-0.21,2.29,0.06,0.00,8.47,142.73,0.10,0.01,-0.76,820.00,0.00,0.00,0.00,0.00,0.00,12.00,
1/7/2026,1:15:40 PM,2.00,11.28,3.70,-0.21,2.29,0.93,0.00,8.30,142.73,0.10,0.01,-0.81,820.00,0.00,0.00,0.00,0.00,0.00,12.00,
1/7/2026,1:16:41 PM,2.00,11.29,3.70,-0.22,2.29,1.20,0.00,8.45,146.05,0.10,0.01,-0.89,820.00,0.00,0.01,0.00,0.00,0.00,12.00,
1/7/2026,1:17:41 PM,2.00,11.29,3.70,-0.22,2.29,0.45,0.00,8.30,149.67,0.10,0.01,-0.79,820.00,0.00,0.00,0.00,0.00,0.00,12.00,
1/7/2026,1:18:42 PM,2.00,11.29,3.70,-0.23,2.29,0.58,0.00,8.29,152.91,0.10,0.01,-0.77,820.00,0.00,0.00,0.00,0.00,0.00,12.00,
1/7/2026,1:19:42 PM,2.00,11.29,3.70,-0.21,2.29,-0.08,0.00,8.11,164.48,0.10,0.01,-0.69,820.00,0.00,0.00,0.00,0.00,0.00,12.00,
1/7/2026,1:20:43 PM,2.00,11.29,3.70,-0.21,2.29,0.08,0.00,8.11,149.55,0.10,0.01,-0.75,820.00,0.00,0.00,0.00,0.00,0.00,12.00,
1/7/2026,1:21:44 PM,2.00,11.29,3.70,-0.22,2.29,1.03,0.00,7.92,153.17,0.10,0.01,-0.83,820.00,0.00,0.00,0.00,0.00,0.00,12.00,
1/7/2026,1:22:44 PM,2.00,11.29,3.70,-0.22,2.29,0.93,0.00,7.93,156.86,0.10,0.01,-0.84,820.00,0.00,0.00,0.00,0.00,0.00,12.00,
1/7/2026,1:23:45 PM,2.00,11.29,3.70,-0.23,2.29,0.57,0.00,7.93,164.21,0.10,0.01,-0.88,820.00,0.00,0.01,0.00,0.00,0.00,12.00,
1/7/2026,1:24:45 PM,2.00,11.29,3.70,-0.23,2.29,0.85,0.00,7.75,146.20,0.10,0.01,-0.83,820.00,0.00,0.00,0.00,0.00,0.00,12.00,
1/7/2026,1:25:46 PM,2.00,11.29,3.70,-0.22,2.29,0.20,0.00,7.75,160.38,0.10,0.01,-0.79,820.00,0.00,0.00,0.00,0.00,0.00,12.00,
1/7/2026,1:26:46 PM,2.00,11.29,3.70,-0.21,2.29,0.41,0.00,7.58,172.23,0.10,0.02,-0.75,820.00,0.00,0.00,0.00,0.00,0.00,12.00,
1/7/2026,1:27:47 PM,2.00,11.29,3.70,-0.22,2.29,-0.02,0.00,7.58,160.66,0.10,0.02,-0.74,820.00,0.00,0.00,0.00,0.00,0.00,12.00,
1/7/2026,1:28:48 PM,2.00,11.29,3.70,-0.21,2.29,-0.02,0.00,7.58,156.80,0.10,0.01,-0.73,820.00,0.00,0.00,0.00,0.00,0.00,12.00,
1/7/2026,1:29:48 PM,2.00,11.29,3.70,-0.22,2.29,0.90,0.00,7.43,160.61,0.10,0.01,-0.78,820.00,0.00,0.00,0.00,0.00,0.00,12.00,
1/7/2026,1:30:49 PM,2.00,11.29,3.70,-0.22,2.29,1.15,0.00,7.58,168.26,0.10,0.01,-0.86,820.00,0.00,0.01,0.00,0.00,0.00,12.00,
1/7/2026,1:31:49 PM,2.00,11.29,3.70,-0.22,2.29,0.46,0.00,7.41,184.00,0.10,0.01,-0.78,820.00,0.00,0.00,0.00,0.00,0.00,12.00,
1/7/2026,1:32:50 PM,2.00,11.29,3.70,-0.22,2.29,0.65,0.00,7.33,176.40,0.10,0.01,-0.80,820.00,0.00,0.00,0.00,0.00,0.00,12.00,
1/7/2026,1:33:50 PM,2.00,11.29,3.70,-0.22,2.29,-0.01,0.00,7.26,164.38,0.10,0.01,-0.70,820.00,0.00,0.00,0.00,0.00,0.00,12.00,
1/7/2026,1:34:51 PM,2.00,11.29,3.70,-0.20,2.29,0.09,0.00,7.20,164.16,0.10,0.01,-0.77,820.00,0.00,0.00,0.00,0.00,0.00,12.00,
1/7/2026,1:35:51 PM,2.00,11.30,3.70,-0.21,2.29,0.97,0.00,9.69,172.06,0.10,0.01,-0.80,820.00,0.00,0.00,0.00,0.00,0.00,12.00,
1/7/2026,1:36:52 PM,2.00,11.30,3.70,-0.22,2.29,1.16,0.00,7.41,160.29,0.10,0.01,-0.85,820.00,0.00,0.00,0.00,0.00,0.00,12.00,
1/7/2026,1:37:53 PM,2.00,11.30,3.70,-0.22,2.29,0.54,0.00,7.41,156.64,0.10,0.01,-0.80,820.00,0.00,0.00,0.00,0.00,0.00,12.00,
1/7/2026,1:38:53 PM,2.00,11.30,3.70,-0.22,2.29,0.75,0.00,7.24,149.65,0.10,0.01,-0.85,820.00,0.00,0.00,0.00,0.00,0.00,12.00,
1/7/2026,1:39:54 PM,2.00,11.30,3.70,-0.22,2.29,0.02,0.00,7.09,153.08,0.10,0.01,-0.75,820.00,0.00,0.00,0.00,0.00,0.00,12.00,
1/7/2026,1:40:54 PM,2.00,11.30,3.70,-0.22,2.29,0.17,0.00,7.09,156.63,0.10,0.01,-0.77,820.00,0.00,0.00,0.00,0.00,0.00,12.00,
1/7/2026,1:41:55 PM,2.00,11.30,3.70,-0.23,2.29,1.06,0.00,7.10,160.30,0.10,0.01,-0.93,820.00,0.00,0.01,0.00,0.00,0.00,12.00,
1/7/2026,1:42:55 PM,2.00,11.30,3.70,-0.21,2.29,0.94,0.00,7.09,152.80,0.10,0.01,-0.82,820.00,0.00,0.01,0.00,0.00,0.00,12.00,
1/7/2026,1:43:56 PM,2.00,11.30,3.70,-0.22,2.29,0.50,0.00,6.93,153.08,0.10,0.01,-0.78,820.00,0.00,0.00,0.00,0.00,0.00,12.00,
1/7/2026,1:44:57 PM,2.00,11.30,3.70,-0.21,2.29,0.66,0.00,6.93,145.93,0.10,0.01,-0.80,820.00,0.00,0.00,0.00,0.00,0.00,12.00,
1/7/2026,1:45:57 PM,2.00,11.30,3.70,-0.22,2.29,-0.03,0.00,6.92,147.87,0.10,0.01,-0.75,820.00,0.00,0.00,0.00,0.00,0.00,12.00,
1/7/2026,1:46:58 PM,2.00,11.30,3.70,-0.22,2.29,0.20,0.00,6.75,149.52,0.10,0.01,-0.76,820.00,0.00,0.00,0.00,0.00,0.00,12.00,
1/7/2026,1:47:58 PM,2.00,11.30,3.70,-0.22,2.29,0.66,0.00,6.92,153.02,0.10,0.01,-0.76,820.00,0.00,0.00,0.00,0.00,0.00,12.00,
1/7/2026,1:48:59 PM,2.00,11.30,3.70,-0.21,2.29,-0.06,0.00,6.77,156.67,0.10,0.01,-0.68,820.00,0.00,0.00,0.00,0.00,0.00,12.00,
1/7/2026,1:49:59 PM,2.00,11.30,3.70,-0.21,2.29,0.72,0.00,6.78,156.89,0.10,0.01,-0.78,820.00,0.00,0.00,0.00,0.00,0.00,12.00,
1/7/2026,1:51:00 PM,2.00,11.30,3.70,-0.22,2.29,0.98,0.00,6.69,160.35,0.10,0.01,-0.85,820.00,0.00,0.00,0.00,0.00,0.00,12.00,
1/7/2026,1:52:01 PM,2.00,11.30,3.70,-0.22,2.29,0.31,0.00,6.62,167.94,0.10,0.01,-0.77,820.00,0.00,0.00,0.00,0.00,0.00,12.00,
1/7/2026,1:53:01 PM,2.00,11.30,3.70,-0.21,2.29,0.48,0.00,6.63,176.07,0.10,0.01,-0.79,820.00,0.00,0.00,0.00,0.00,0.00,12.00,
1/7/2026,1:54:02 PM,2.00,11.30,3.70,-0.21,2.29,-0.07,0.00,6.62,136.13,0.10,0.01,-0.73,820.00,0.00,0.00,0.00,0.00,0.00,12.00,
1/7/2026,1:55:02 PM,2.00,11.30,3.70,-0.21,2.29,0.01,0.00,6.62,139.39,0.10,0.01,-0.82,820.00,0.00,0.00,0.00,0.00,0.00,12.00,
1/7/2026,1:56:03 PM,2.00,11.30,3.70,-0.22,2.29,0.93,0.00,6.63,139.39,0.10,0.01,-0.82,820.00,0.00,0.00,0.00,0.00,0.00,12.00,
1/7/2026,1:57:03 PM,2.00,11.30,3.70,-0.22,2.29,1.20,0.00,6.47,139.41,0.10,0.01,-0.86,820.00,0.00,0.01,0.00,0.00,0.00,12.00,
1/7/2026,1:58:04 PM,2.00,11.30,3.70,-0.22,2.29,1.05,0.00,6.48,142.49,0.10,0.01,-0.82,820.00,0.00,0.00,0.00,0.00,0.00,12.00,
1/7/2026,1:59:05 PM,2.00,11.30,3.70,-0.21,2.29,1.19,0.00,6.33,146.02,0.10,0.01,-0.84,820.00,0.00,0.01,0.00,0.00,0.00,12.00,
1/7/2026,2:00:05 PM,2.00,11.30,3.70,-0.21,2.29,0.51,0.00,6.19,139.57,0.10,0.01,-0.76,820.00,0.00,0.00,0.00,0.00,0.00,12.00,
1/7/2026,2:01:06 PM,2.00,11.30,3.70,-0.22,2.29,0.68,0.00,6.24,145.95,0.10,0.01,-0.87,820.00,0.00,0.01,0.00,0.00,0.00,12.00,
1/7/2026,2:02:06 PM,2.00,11.30,3.70,-0.22,2.29,-0.03,0.00,6.20,142.60,0.10,0.01,-0.76,820.00,0.00,0.00,0.00,0.00,0.00,12.00,
1/7/2026,2:03:07 PM,2.00,11.30,3.70,-0.21,2.29,0.18,0.00,6.19,142.61,0.10,0.01,-0.79,820.00,0.00,0.00,0.00,0.00,0.00,12.00,
1/7/2026,2:04:07 PM,2.00,11.30,3.70,-0.22,2.29,1.02,0.00,6.19,145.90,0.10,0.01,-0.80,820.00,0.00,0.00,0.00,0.00,0.00,12.00,
1/7/2026,2:05:08 PM,2.00,11.30,3.70,-0.22,2.29,0.89,0.00,6.18,145.70,0.10,0.01,-0.85,820.00,0.00,0.00,0.00,0.00,0.00,12.00,
1/7/2026,2:06:09 PM,2.00,11.30,3.70,-0.22,2.29,0.50,0.00,6.19,142.63,0.10,0.01,-0.82,820.00,0.00,0.00,0.00,0.00,0.00,12.00,
1/7/2026,2:07:09 PM,2.00,11.30,3.70,-0.22,2.29,0.24,0.00,6.06,149.35,0.10,0.01,-0.79,820.00,0.00,0.00,0.00,0.00,0.00,12.00,
1/7/2026,2:08:10 PM,2.00,11.30,3.70,-0.22,2.29,-0.09,0.00,6.05,132.91,0.10,0.01,-0.72,820.00,0.00,0.00,0.00,0.00,0.00,12.00,
1/7/2026,2:09:10 PM,2.00,11.30,3.70,-0.21,2.29,0.02,0.00,6.06,136.08,0.10,0.01,-0.73,820.00,0.00,0.00,0.00,0.00,0.00,12.00,
1/7/2026,2:10:11 PM,2.00,11.30,3.70,-0.23,2.29,1.12,0.00,6.05,132.96,0.10,0.01,-0.87,820.00,0.00,0.01,0.00,0.00,0.00,12.00,
1/7/2026,2:11:11 PM,2.00,11.30,3.70,-0.23,2.29,0.99,0.00,6.05,133.01,0.10,0.01,-0.89,820.00,0.00,0.01,0.00,0.00,0.00,12.00,
1/7/2026,2:12:12 PM,2.00,11.30,3.70,-0.21,2.29,0.22,0.00,5.91,132.90,0.10,0.01,-0.76,820.00,0.00,0.00,0.00,0.00,0.00,12.00,
1/7/2026,2:13:13 PM,2.00,11.30,3.70,-0.22,2.29,0.49,0.00,5.92,136.04,0.10,0.01,-0.84,820.00,0.00,0.01,0.00,0.00,0.00,12.00,
1/7/2026,2:14:13 PM,2.00,11.30,3.70,-0.22,2.29,-0.06,0.00,5.92,135.87,0.10,0.01,-0.72,820.00,0.00,0.00,0.00,0.00,0.00,12.00,
1/7/2026,2:15:14 PM,2.00,11.30,3.70,-0.22,2.29,-0.01,0.00,6.05,139.26,0.10,0.01,-0.75,820.00,0.00,0.00,0.00,0.00,0.00,12.00,
1/7/2026,2:16:14 PM,2.00,11.30,3.70,-0.23,2.29,0.98,0.00,5.92,139.21,0.10,0.01,-0.87,820.00,0.00,0.01,0.00,0.00,0.00,12.00,
1/7/2026,2:17:15 PM,2.00,11.30,3.70,-0.23,2.29,1.11,0.00,5.92,139.22,0.10,0.01,-0.85,820.00,0.00,0.01,0.00,0.00,0.00,12.00,
1/7/2026,2:18:15 PM,2.00,11.30,3.70,-0.22,2.29,0.50,0.00,5.92,142.55,0.10,0.01,-0.82,820.00,0.00,0.01,0.00,0.00,0.00,12.00,
1/7/2026,2:19:16 PM,2.00,11.30,3.70,-0.22,2.29,0.76,0.00,5.91,142.53,0.10,0.01,-0.82,820.00,0.00,0.00,0.00,0.00,0.00,12.00,
1/7/2026,2:20:17 PM,2.00,11.30,3.70,-0.23,2.29,0.43,0.00,5.92,146.05,0.10,0.01,-0.79,820.00,0.00,0.00,0.00,0.00,0.00,12.00,
1/7/2026,2:21:17 PM,2.00,11.30,3.70,-0.23,2.29,0.61,0.00,5.80,145.90,0.10,0.01,-0.83,820.00,0.00,0.00,0.00,0.00,0.00,12.00,
1/7/2026,2:22:18 PM,2.00,11.30,3.70,-0.22,2.29,-0.05,0.00,5.91,142.56,0.10,0.01,-0.75,820.00,0.00,0.00,0.00,0.00,0.00,12.00,
1/7/2026,2:23:18 PM,2.00,11.30,3.70,-0.22,2.29,0.17,0.00,5.86,142.55,0.10,0.01,-0.74,820.00,0.00,0.00,0.00,0.00,0.00,12.00,
1/7/2026,2:24:19 PM,2.00,11.30,3.70,-0.22,2.29,1.09,0.00,5.79,145.76,0.10,0.01,-0.82,820.00,0.00,0.01,0.00,0.00,0.00,12.00,
1/7/2026,2:25:19 PM,2.00,11.30,3.70,-0.22,2.29,0.04,0.00,5.79,149.33,0.10,0.01,-0.73,820.00,0.00,0.00,0.00,0.00,0.00,12.00,
1/7/2026,2:26:20 PM,2.00,11.30,3.70,-0.23,2.29,0.59,0.00,5.79,149.31,0.10,0.01,-0.83,820.00,0.00,0.00,0.00,0.00,0.00,12.00,
1/7/2026,2:27:21 PM,2.00,11.30,3.70,-0.23,2.29,0.81,0.00,5.80,149.19,0.10,0.01,-0.82,820.00,0.00,0.00,0.00,0.00,0.00,12.00,
1/7/2026,2:28:21 PM,2.00,11.30,3.70,-0.21,2.29,0.18,0.00,5.66,142.32,0.10,0.01,-0.77,820.00,0.00,0.00,0.00,0.00,0.00,12.00,
1/7/2026,2:29:22 PM,2.00,11.30,3.70,-0.23,2.29,0.40,0.00,5.75,142.49,0.10,0.01,-0.77,820.00,0.00,0.00,0.00,0.00,0.00,12.00,
1/7/2026,2:30:22 PM,2.00,11.30,3.70,-0.22,2.29,-0.00,0.00,5.67,142.41,0.10,0.01,-0.75,820.00,0.00,0.00,0.00,0.00,0.00,12.00,
1/7/2026,2:31:23 PM,2.00,11.30,3.70,-0.23,2.29,-0.03,0.00,5.67,139.29,0.10,0.01,-0.76,820.00,0.00,0.00,0.00,0.00,0.00,12.00,
1/7/2026,2:32:23 PM,2.00,11.30,3.70,-0.23,2.29,0.86,0.00,5.67,139.33,0.10,0.01,-0.87,820.00,0.00,0.01,0.00,0.00,0.00,12.00,
1/7/2026,2:33:24 PM,2.00,11.30,3.70,-0.23,2.29,1.11,0.00,5.54,139.13,0.10,0.01,-0.88,820.00,0.00,0.01,0.00,0.00,0.00,12.00,
1/7/2026,2:34:24 PM,2.00,11.30,3.70,-0.21,2.29,0.46,0.00,5.67,139.10,0.10,0.01,-0.82,820.00,0.00,0.00,0.00,0.00,0.00,12.00,
1/7/2026,2:35:25 PM,2.00,11.30,3.70,-0.23,2.29,0.76,0.00,5.66,142.40,0.10,0.01,-0.80,820.00,0.00,0.00,0.00,0.00,0.00,12.00,
1/7/2026,2:36:26 PM,2.00,11.30,3.70,-0.22,2.29,0.75,0.00,5.66,142.62,0.10,0.01,-0.82,820.00,0.00,0.00,0.00,0.00,0.00,12.00,
1/7/2026,2:37:26 PM,2.00,11.30,3.70,-0.22,2.29,0.20,0.00,8.27,138.99,0.10,0.01,-0.76,820.00,0.00,0.00,0.00,1.02,0.00,12.00,
1/7/2026,2:38:27 PM,2.00,11.30,3.70,-0.22,2.29,0.99,0.00,6.93,135.95,0.10,0.01,-0.82,820.00,0.00,0.01,0.00,0.00,0.00,12.00,
1/7/2026,2:39:27 PM,2.00,11.30,3.70,-0.21,2.29,0.03,0.00,6.48,136.06,0.10,0.01,-0.80,820.00,0.00,0.01,0.00,0.00,0.00,12.00,
1/7/2026,2:40:28 PM,2.00,11.30,3.70,-0.21,2.29,0.69,0.00,6.19,135.96,0.10,0.01,-0.81,820.00,0.00,0.00,0.00,0.00,0.00,12.00,
1/7/2026,2:41:29 PM,2.00,11.30,3.70,-0.22,2.29,0.85,0.00,6.05,142.54,0.10,0.01,-0.84,820.00,0.00,0.01,0.00,0.00,0.00,12.00,
1/7/2026,2:42:29 PM,2.00,11.30,3.70,-0.22,2.29,0.22,0.00,5.80,135.98,0.10,0.01,-0.82,820.00,0.00,0.00,0.00,0.00,0.00,12.00,
1/7/2026,2:43:30 PM,2.00,11.30,3.70,-0.21,2.29,0.50,0.00,5.80,135.96,0.10,0.01,-0.81,820.00,0.00,0.01,0.00,0.00,0.00,12.00,
1/7/2026,2:44:30 PM,2.00,11.30,3.70,-0.22,2.29,-0.08,0.00,5.66,138.97,0.10,0.01,-0.73,820.00,0.00,0.00,0.00,0.00,0.00,12.00,
1/7/2026,2:45:31 PM,2.00,11.30,3.70,-0.22,2.29,-0.05,0.00,5.67,139.06,0.10,0.01,-0.74,820.00,0.00,0.00,0.00,0.00,0.00,12.00,
1/7/2026,2:46:31 PM,2.00,11.30,3.70,-0.23,2.29,0.90,0.00,5.67,142.52,0.10,0.01,-0.87,820.00,0.00,0.01,0.00,0.00,0.00,12.00,
1/7/2026,2:47:32 PM,2.00,11.30,3.70,-0.23,2.29,1.12,0.00,5.54,145.96,0.10,0.01,-0.84,820.00,0.00,0.01,0.00,0.00,0.00,12.00,
1/7/2026,2:48:33 PM,2.00,11.30,3.70,-0.22,2.29,0.44,0.00,5.67,145.90,0.10,0.01,-0.78,820.00,0.00,0.00,0.00,0.00,0.00,12.00,
1/7/2026,2:49:33 PM,2.00,11.30,3.70,-0.21,2.29,0.72,0.00,5.54,152.92,0.10,0.01,-0.81,820.00,0.00,0.00,0.00,0.00,0.00,12.00,
1/7/2026,2:50:34 PM,2.00,11.30,3.70,-0.22,2.29,-0.04,0.00,5.54,160.08,0.10,0.01,-0.75,820.00,0.00,0.00,0.00,0.00,0.00,12.00,
1/7/2026,2:51:34 PM,2.00,11.30,3.70,-0.22,2.29,0.22,0.00,5.41,152.96,0.10,0.01,-0.78,820.00,0.00,0.00,0.00,0.00,0.00,12.00,
1/7/2026,2:52:35 PM,2.00,11.30,3.70,-0.22,2.29,0.72,0.00,5.41,156.43,0.10,0.01,-0.83,820.00,0.00,0.00,0.00,0.00,0.00,12.00,
1/7/2026,2:53:35 PM,2.00,11.30,3.70,-0.21,2.29,-0.09,0.00,5.41,156.54,0.10,0.01,-0.80,820.00,0.00,0.00,0.00,0.00,0.00,12.00,
1/7/2026,2:54:36 PM,2.00,11.30,3.70,-0.23,2.29,-0.06,0.00,5.41,160.39,0.10,0.00,-0.73,820.00,0.00,0.00,0.00,0.00,0.00,12.00,
1/7/2026,2:55:37 PM,2.00,11.30,3.70,-0.21,2.29,0.55,0.00,5.53,156.40,0.10,0.01,-0.78,820.00,0.00,0.00,0.00,0.00,0.00,12.00,
1/7/2026,2:56:37 PM,2.00,11.30,3.70,-0.21,2.29,-0.08,0.00,5.53,160.18,0.10,0.01,-0.76,820.00,0.00,0.00,0.00,0.00,0.00,12.00,
1/7/2026,2:57:38 PM,2.00,11.30,3.70,-0.22,2.29,0.08,0.00,5.41,163.98,0.10,0.01,-0.78,820.00,0.00,0.00,0.00,0.00,0.00,12.00,
1/7/2026,2:58:38 PM,2.00,11.30,3.70,-0.21,2.29,1.03,0.00,5.41,167.89,0.10,0.01,-0.82,820.00,0.00,0.01,0.00,0.00,0.00,12.00,
1/7/2026,2:59:39 PM,2.00,11.30,3.70,-0.22,2.29,0.03,0.00,5.41,152.77,0.10,0.01,-0.73,820.00,0.00,0.00,0.00,0.00,0.00,12.00,
1/7/2026,3:00:39 PM,2.00,11.30,3.70,-0.23,2.29,0.65,0.00,5.41,156.43,0.10,0.01,-0.92,820.00,0.00,0.01,0.00,0.00,0.00,12.00,
1/7/2026,3:01:40 PM,2.00,11.30,3.70,-0.22,2.29,0.90,0.00,5.29,156.55,0.10,0.01,-0.84,820.00,0.00,0.00,0.00,0.00,0.00,12.00,
1/7/2026,3:02:41 PM,2.00,11.30,3.70,-0.22,2.29,0.26,0.00,5.40,160.30,0.10,0.01,-0.81,820.00,0.00,0.00,0.00,0.00,0.00,12.00,
1/7/2026,3:03:41 PM,2.00,11.30,3.70,-0.23,2.29,0.77,0.00,5.40,163.80,0.10,0.01,-0.87,820.00,0.00,0.01,0.00,0.00,0.00,12.00,
1/7/2026,3:04:42 PM,2.00,11.30,3.70,-0.20,2.29,0.10,0.00,5.29,171.92,0.10,0.01,-0.72,820.00,0.00,0.00,0.00,0.00,0.00,12.00,
1/7/2026,3:05:42 PM,2.00,11.30,3.70,-0.21,2.29,0.32,0.00,5.28,121.40,0.10,0.01,-0.78,820.00,0.00,0.00,0.00,0.00,0.00,12.00,
1/7/2026,3:06:43 PM,2.00,11.30,3.70,-0.22,2.29,1.14,0.00,5.29,118.52,0.10,0.01,-0.85,820.00,0.00,0.01,0.00,0.00,0.00,12.00,
1/7/2026,3:07:43 PM,2.00,11.30,3.70,-0.22,2.29,-0.08,0.00,5.28,118.48,0.10,0.01,-0.70,820.00,0.00,0.00,0.00,0.00,0.00,12.00,
1/7/2026,3:08:44 PM,2.00,11.30,3.70,-0.20,2.29,0.67,0.00,5.29,121.08,0.10,0.01,-0.81,820.00,0.00,0.00,0.00,0.00,0.00,12.00,
1/7/2026,3:09:45 PM,2.00,11.30,3.70,-0.23,2.29,0.89,0.00,5.29,135.96,0.10,0.01,-0.82,820.00,0.00,0.00,0.00,0.00,0.00,12.00,
1/7/2026,3:10:45 PM,2.00,11.30,3.70,-0.21,2.29,0.28,0.00,5.17,126.83,0.10,0.01,-0.76,820.00,0.00,0.00,0.00,0.00,0.00,12.00,
1/7/2026,3:11:46 PM,2.00,11.30,3.70,-0.22,2.29,0.40,0.00,5.24,129.77,0.10,0.01,-0.81,820.00,0.00,0.00,0.00,0.00,0.00,12.00,
1/7/2026,3:12:46 PM,2.00,11.30,3.70,-0.20,2.29,-0.01,0.00,5.29,129.79,0.10,0.01,-0.66,820.00,0.00,0.00,0.00,0.00,0.00,12.00,
1/7/2026,3:13:47 PM,2.00,11.30,3.70,-0.22,2.29,-0.09,0.00,5.29,129.95,0.10,0.01,-0.74,820.00,0.00,0.00,0.00,0.00,0.00,12.00,
1/7/2026,3:14:47 PM,2.00,11.30,3.70,-0.21,2.29,0.75,0.00,5.18,132.90,0.10,0.01,-0.80,820.00,0.00,0.00,0.00,0.00,0.00,12.00,
1/7/2026,3:15:48 PM,2.00,11.30,3.70,-0.20,2.29,0.97,0.00,5.17,132.78,0.10,0.01,-0.82,820.00,0.00,0.01,0.00,0.00,0.00,12.00,
1/7/2026,3:16:48 PM,2.00,11.30,3.70,-0.22,2.29,0.23,0.00,5.16,136.19,0.10,0.01,-0.80,820.00,0.00,0.00,0.00,0.00,0.00,12.00,
1/7/2026,3:17:49 PM,2.00,11.30,3.70,-0.23,2.29,0.43,0.00,5.05,132.91,0.10,0.01,-0.79,820.00,0.00,0.00,0.00,0.00,0.00,12.00,
1/7/2026,3:18:50 PM,2.00,11.30,3.70,-0.22,2.29,0.06,0.00,5.17,123.95,0.10,0.01,-0.72,820.00,0.00,0.00,0.00,0.00,0.00,12.00,
1/7/2026,3:19:50 PM,2.00,11.30,3.70,-0.22,2.29,-0.09,0.00,5.05,126.77,0.10,0.01,-0.78,820.00,0.00,0.00,0.00,0.00,0.00,12.00,
1/7/2026,3:20:51 PM,2.00,11.30,3.70,-0.22,2.29,0.65,0.00,5.05,129.86,0.10,0.01,-0.76,820.00,0.00,0.00,0.00,0.00,0.00,12.00,
1/7/2026,3:21:51 PM,2.00,11.30,3.70,-0.22,2.29,0.87,0.00,5.05,132.90,0.10,0.01,-0.86,820.00,0.00,0.01,0.00,0.00,0.00,12.00,
1/7/2026,3:22:52 PM,2.00,11.30,3.70,-0.21,2.29,0.18,0.00,5.05,135.80,0.10,0.01,-0.73,820.00,0.00,0.00,0.00,0.00,0.00,12.00,
1/7/2026,3:23:52 PM,2.00,11.30,3.70,-0.23,2.29,0.59,0.00,5.05,132.79,0.10,0.01,-0.87,820.00,0.00,0.01,0.00,0.00,0.00,12.00,
1/7/2026,3:24:53 PM,2.00,11.30,3.70,-0.22,2.29,0.87,0.00,4.95,135.81,0.10,0.01,-0.86,820.00,0.00,0.00,0.00,0.00,0.00,12.00,
1/7/2026,3:25:53 PM,2.00,11.30,3.70,-0.22,2.29,1.09,0.00,5.05,139.17,0.10,0.01,-0.82,820.00,0.00,0.00,0.00,0.00,0.00,12.00,
1/7/2026,3:26:54 PM,2.00,11.30,3.70,-0.22,2.29,0.38,0.00,5.05,108.16,0.10,0.01,-0.82,820.00,0.00,0.00,0.00,0.00,0.00,12.00,
1/7/2026,3:27:55 PM,2.00,11.30,3.70,-0.22,2.29,0.61,0.00,5.06,108.25,0.10,0.01,-0.80,820.00,0.00,0.00,0.00,0.00,0.00,12.00,
1/7/2026,3:28:55 PM,2.00,11.30,3.70,-0.21,2.29,-0.04,0.00,5.06,108.32,0.10,0.01,-0.72,820.00,0.00,0.00,0.00,0.00,0.00,12.00,
1/7/2026,3:29:56 PM,2.00,11.30,3.70,-0.23,2.29,0.08,0.00,4.94,108.27,0.10,0.01,-0.74,820.00,0.00,0.00,0.00,0.00,0.00,12.00,
1/7/2026,3:30:56 PM,2.00,11.30,3.70,-0.23,2.29,1.03,0.00,4.94,108.41,0.10,0.01,-0.87,820.00,0.00,0.01,0.00,0.00,0.00,12.00,
1/7/2026,3:31:57 PM,2.00,11.30,3.70,-0.22,2.29,1.13,0.00,4.94,108.12,0.10,0.01,-0.87,820.00,0.00,0.01,0.00,0.00,0.00,12.00,
1/7/2026,3:32:57 PM,2.00,11.30,3.70,-0.21,2.29,0.48,0.00,4.94,108.13,0.10,0.01,-0.80,820.00,0.00,0.00,0.00,0.00,0.00,12.00,
1/7/2026,3:33:58 PM,2.00,11.30,3.70,-0.22,2.29,0.76,0.00,4.94,108.23,0.10,0.01,-0.85,820.00,0.00,0.01,0.00,0.00,0.00,12.00,
1/7/2026,3:34:59 PM,2.00,11.30,3.70,-0.21,2.29,-0.02,0.00,4.94,108.24,0.10,0.01,-0.70,820.00,0.00,0.00,0.00,0.00,0.00,12.00,
1/7/2026,3:35:59 PM,2.00,11.30,3.70,-0.22,2.29,0.21,0.00,4.94,108.26,0.10,0.01,-0.76,820.00,0.00,0.00,0.00,0.00,0.00,12.00,
1/7/2026,3:37:00 PM,2.00,11.30,3.70,-0.22,2.29,1.12,0.00,4.82,105.78,0.10,0.01,-0.89,820.00,0.00,0.00,0.00,0.00,0.00,12.00,
1/7/2026,3:38:00 PM,2.00,11.30,3.70,-0.21,2.29,0.53,0.00,4.94,108.24,0.10,0.01,-0.79,820.00,0.00,0.00,0.00,0.00,0.00,12.00,
1/7/2026,3:39:01 PM,2.00,11.30,3.70,-0.20,2.29,-0.09,0.00,4.83,108.11,0.10,0.01,-0.71,820.00,0.00,0.00,0.00,0.00,0.00,12.00,
1/7/2026,3:40:01 PM,2.00,11.30,3.70,-0.22,2.29,0.43,0.00,4.83,108.16,0.10,0.01,-0.75,820.00,0.00,0.00,0.00,0.00,0.00,12.00,
1/7/2026,3:41:02 PM,2.00,11.30,3.70,-0.22,2.29,0.01,0.00,4.83,110.79,0.10,0.01,-0.71,820.00,0.00,0.00,0.00,0.00,0.00,12.00,
1/7/2026,3:42:03 PM,2.00,11.30,3.70,-0.22,2.29,-0.05,0.00,4.83,110.61,0.10,0.01,-0.81,820.00,0.00,0.00,0.00,0.00,0.00,12.00,
1/7/2026,3:43:03 PM,2.00,11.30,3.70,-0.23,2.29,0.89,0.00,4.83,110.81,0.10,0.01,-0.81,820.00,0.00,0.00,0.00,0.00,0.00,12.00,
1/7/2026,3:44:04 PM,2.00,11.30,3.70,-0.22,2.29,1.07,0.00,4.94,110.64,0.10,0.01,-0.81,820.00,0.00,0.00,0.00,0.00,0.00,12.00,
1/7/2026,3:45:04 PM,2.00,11.30,3.70,-0.20,2.29,0.56,0.00,4.83,113.11,0.10,0.01,-0.77,820.00,0.00,0.00,0.00,0.00,0.00,12.00,
1/7/2026,3:46:05 PM,2.00,11.30,3.70,-0.21,2.29,0.79,0.00,4.83,115.88,0.10,0.01,-0.84,820.00,0.00,0.00,0.00,0.00,0.00,12.00,
1/7/2026,3:47:05 PM,2.00,11.30,3.70,-0.22,2.29,0.10,0.00,4.82,118.66,0.10,0.01,-0.78,820.00,0.00,0.00,0.00,0.00,0.00,12.00,
1/7/2026,3:48:06 PM,2.00,11.30,3.70,-0.21,2.29,0.36,0.00,4.83,110.78,0.10,0.01,-0.79,820.00,0.00,0.00,0.00,0.00,0.00,12.00,
1/7/2026,3:49:07 PM,2.00,11.30,3.70,-0.21,2.29,-0.00,0.00,4.83,108.19,0.10,0.01,-0.71,820.00,0.00,0.00,0.00,0.00,0.00,12.00,
1/7/2026,3:50:07 PM,2.00,11.30,3.70,-0.22,2.29,-0.07,0.00,4.72,108.24,0.10,0.01,-0.73,820.00,0.00,0.00,0.00,0.00,0.00,12.00,
1/7/2026,3:51:08 PM,2.00,11.30,3.70,-0.22,2.29,0.82,0.00,4.72,105.76,0.10,0.01,-0.80,820.00,0.00,0.00,0.00,0.00,0.00,12.00,
1/7/2026,3:52:08 PM,2.00,11.30,3.70,21.68,2.29,0.51,0.00,6.76,105.76,0.10,0.01,-1.55,820.00,0.00,0.00,0.00,0.00,0.00,12.00,
1/7/2026,3:53:09 PM,2.00,11.30,3.70,-0.22,2.29,0.06,0.00,4.83,105.68,0.10,0.01,-0.72,820.00,0.00,0.00,0.00,0.00,0.00,12.00,
1/7/2026,3:54:09 PM,2.00,11.30,3.70,-0.22,2.29,-0.04,0.00,4.73,105.78,0.10,0.01,-0.77,820.00,0.00,0.00,0.00,0.00,0.00,12.00,
1/7/2026,3:55:10 PM,2.00,11.30,3.70,-0.21,2.29,0.91,0.00,4.72,105.78,0.10,0.01,-0.78,820.00,0.00,0.00,0.00,0.00,0.00,12.00,
1/7/2026,3:56:11 PM,2.00,11.30,3.70,-0.22,2.29,1.01,0.00,4.73,108.13,0.10,0.01,-0.86,820.00,0.00,0.01,0.00,0.00,0.00,12.00,
1/7/2026,3:57:11 PM,2.00,11.30,3.70,-0.22,2.29,0.39,0.00,4.72,108.34,0.10,0.01,-0.79,820.00,0.00,0.00,0.00,0.00,0.00,12.00,
1/7/2026,3:58:12 PM,2.00,11.30,3.70,-0.22,2.29,0.66,0.00,4.72,108.30,0.10,0.01,-0.81,820.00,0.00,0.00,0.00,0.00,0.00,12.00,
1/7/2026,3:59:12 PM,2.00,11.30,3.70,-0.22,2.29,-0.00,0.00,4.72,108.26,0.10,0.01,-0.73,820.00,0.00,0.00,0.00,0.00,0.00,12.00,
1/7/2026,4:00:13 PM,2.00,11.30,3.70,-0.21,2.29,0.28,0.00,4.72,108.27,0.10,0.01,-0.74,820.00,0.00,0.00,0.00,0.00,0.00,12.00,
1/7/2026,4:01:13 PM,2.00,11.30,3.70,-0.21,2.29,1.15,0.00,4.72,110.75,0.10,0.01,-0.85,820.00,0.00,0.01,0.00,0.00,0.00,12.00,
1/7/2026,4:02:14 PM,2.00,11.30,3.70,-0.22,2.29,-0.06,0.00,4.72,110.89,0.10,0.01,-0.84,820.00,0.00,0.00,0.00,0.00,0.00,12.00,
1/7/2026,4:03:15 PM,2.00,11.30,3.70,-0.22,2.29,0.74,0.00,4.72,110.67,0.10,0.01,-0.80,820.00,0.00,0.00,0.00,0.00,0.00,12.00,
1/7/2026,4:04:15 PM,2.00,11.30,3.70,-0.22,2.29,0.98,0.00,4.72,113.30,0.10,0.01,-0.83,820.00,0.00,0.00,0.00,0.00,0.00,12.00,
1/7/2026,4:05:16 PM,2.00,11.30,3.70,-0.22,2.29,0.37,0.00,4.72,115.90,0.10,0.01,-0.81,820.00,0.00,0.00,0.00,0.00,0.00,12.00,
1/7/2026,4:06:16 PM,2.00,11.30,3.70,-0.21,2.29,0.58,0.00,4.61,110.64,0.10,0.01,-0.84,820.00,0.00,0.00,0.00,0.00,0.00,12.00,
1/7/2026,4:07:17 PM,2.00,11.30,3.70,-0.22,2.29,0.06,0.00,4.62,113.43,0.10,0.01,-0.77,820.00,0.00,0.00,0.00,0.00,0.00,12.00,
1/7/2026,4:08:17 PM,2.00,11.30,3.70,-0.21,2.29,0.59,0.00,4.72,113.31,0.10,0.01,-0.86,820.00,0.00,0.01,0.00,0.31,0.00,12.00,
1/7/2026,4:09:18 PM,2.00,11.30,3.70,-0.22,2.29,0.03,0.00,4.62,113.19,0.10,0.01,-0.76,820.00,0.00,0.00,0.00,0.00,0.00,12.00,
1/7/2026,4:10:19 PM,2.00,11.30,3.70,-0.22,2.29,0.17,0.00,4.66,115.90,0.10,0.01,-0.81,820.00,0.00,0.00,0.00,0.00,0.00,12.00,
1/7/2026,4:11:19 PM,2.00,11.30,3.70,-0.22,2.29,1.04,0.00,4.61,115.80,0.10,0.01,-0.79,820.00,0.00,0.01,0.00,0.00,0.00,12.00,
1/7/2026,4:12:20 PM,2.00,11.30,3.70,-0.21,2.29,-0.00,0.00,4.62,116.03,0.10,0.01,-0.70,820.00,0.00,0.00,0.00,0.00,0.00,12.00,
1/7/2026,4:13:20 PM,2.00,11.30,3.70,-0.21,2.29,0.68,0.00,4.72,118.51,0.10,0.01,-0.77,820.00,0.00,0.00,0.00,0.00,0.00,12.00,
1/7/2026,4:14:21 PM,2.00,11.30,3.70,-0.22,2.29,0.85,0.00,4.61,118.58,0.10,0.01,-0.75,820.00,0.00,0.00,0.00,0.00,0.00,12.00,
1/7/2026,4:15:21 PM,2.00,11.30,3.70,24.81,2.29,3.00,0.00,5.17,121.18,0.10,-0.49,73.37,820.00,0.00,0.00,0.00,0.00,0.00,12.00,
1/7/2026,4:16:22 PM,2.00,11.30,3.70,-0.21,2.29,0.73,0.00,4.62,123.65,0.10,0.01,-0.82,820.00,0.00,0.00,0.00,0.00,0.00,12.00,
1/7/2026,4:17:23 PM,2.00,11.30,3.70,-0.22,2.29,-0.06,0.00,4.62,126.83,0.10,0.01,-0.73,820.00,0.00,0.00,0.00,0.00,0.00,12.00,
1/7/2026,4:18:23 PM,2.00,11.30,3.70,-0.21,2.29,0.20,0.00,4.61,105.66,0.10,0.01,-0.76,820.00,0.00,0.00,0.00,0.00,0.00,12.00,
1/7/2026,4:19:24 PM,2.00,11.30,3.70,-0.23,2.29,1.07,0.00,4.61,108.25,0.10,0.01,-0.93,820.00,0.00,0.01,0.00,0.00,0.00,12.00,
1/7/2026,4:20:24 PM,2.00,11.30,3.70,-0.22,2.29,0.44,0.00,4.82,101.04,0.10,0.01,-0.77,820.00,0.00,0.00,0.00,32.74,0.00,12.00,
1/7/2026,4:21:25 PM,2.00,11.30,3.70,-0.20,2.29,0.79,0.00,4.61,100.90,0.10,0.01,-0.78,820.00,0.00,0.00,0.00,0.00,0.00,12.00,
1/7/2026,4:22:25 PM,2.00,11.30,3.70,-0.22,2.29,1.04,0.00,4.61,101.11,0.10,0.01,-0.86,820.00,0.00,0.01,0.00,0.00,0.00,12.00,
1/7/2026,4:23:26 PM,2.00,11.30,3.70,-0.21,2.29,0.33,0.00,4.61,103.26,0.10,0.01,-0.73,820.00,0.00,0.00,0.00,0.00,0.00,12.00,
1/7/2026,4:24:27 PM,2.00,11.30,3.70,-0.21,2.29,0.59,0.00,4.61,103.35,0.10,0.01,-0.79,820.00,0.00,0.00,0.00,0.00,0.00,12.00,
1/7/2026,4:25:27 PM,2.00,11.30,3.70,-0.22,2.29,-0.01,0.00,4.61,105.78,0.10,0.01,-0.74,820.00,0.00,0.00,0.00,0.00,0.00,12.00,
1/7/2026,4:26:28 PM,2.00,11.30,3.70,-0.21,2.29,0.19,0.00,4.61,108.16,0.10,0.01,-0.72,820.00,0.00,0.00,0.00,0.00,0.00,12.00,
1/7/2026,4:27:28 PM,2.00,11.30,3.70,-0.23,2.29,1.04,0.00,4.60,101.08,0.10,0.01,-0.88,820.00,0.00,0.01,0.00,0.00,0.00,12.00,
1/7/2026,4:28:29 PM,2.00,11.30,3.70,-0.21,2.29,-0.02,0.00,4.61,103.36,0.10,0.01,-0.71,820.00,0.00,0.00,0.00,0.00,0.00,12.00,
1/7/2026,4:29:29 PM,2.00,11.30,3.70,-0.22,2.29,0.61,0.00,4.61,101.05,0.10,0.01,-0.78,820.00,0.00,0.00,0.00,0.00,0.00,12.00,
1/7/2026,4:30:30 PM,2.00,11.30,3.70,-0.20,2.29,0.80,0.00,4.61,101.05,0.10,0.01,-0.80,820.00,0.00,0.00,0.00,0.00,0.00,12.00,
1/7/2026,4:31:31 PM,2.00,11.30,3.70,-0.20,2.29,0.57,0.00,4.60,100.95,0.10,0.01,-0.77,820.00,0.00,0.00,0.00,0.00,0.00,12.00,
1/7/2026,4:32:31 PM,2.00,11.30,3.70,-0.21,2.29,0.33,0.00,4.61,100.99,0.10,0.01,-0.75,820.00,0.00,0.00,0.00,0.00,0.00,12.00,
1/7/2026,4:33:32 PM,2.00,11.30,3.70,-0.20,2.29,0.05,0.00,4.61,101.01,0.10,0.01,-0.67,820.00,0.00,0.00,0.00,0.00,0.00,12.00,
1/7/2026,4:34:32 PM,2.00,11.30,3.70,-0.21,2.29,-0.09,0.00,4.61,100.97,0.10,0.01,-0.70,820.00,0.00,0.00,0.00,0.00,0.00,12.00,
1/7/2026,4:35:33 PM,2.00,11.30,3.70,-0.22,2.29,0.77,0.00,4.50,103.27,0.10,0.01,-0.79,820.00,0.00,0.01,0.00,0.00,0.00,12.00,
1/7/2026,4:36:33 PM,2.00,11.30,3.70,-0.22,2.29,-0.07,0.00,4.50,103.32,0.10,0.01,-0.76,820.00,0.00,0.00,0.00,0.00,0.00,12.00,
1/7/2026,4:37:34 PM,2.00,11.30,3.70,-0.21,2.29,0.43,0.00,4.61,103.39,0.10,0.01,-0.78,820.00,0.00,0.00,0.00,0.00,0.00,12.00,
1/7/2026,4:38:35 PM,2.00,11.30,3.70,-0.23,2.29,0.68,0.00,4.61,103.47,0.10,0.01,-0.91,820.00,0.00,0.01,0.00,0.00,0.00,12.00,
1/7/2026,4:39:35 PM,2.00,11.30,3.70,-0.22,2.29,0.39,0.00,4.51,103.28,0.10,0.01,-0.82,820.00,0.00,0.00,0.00,0.00,0.00,12.00,
1/7/2026,4:40:36 PM,2.00,11.30,3.70,-0.21,2.29,0.40,0.00,4.51,105.76,0.10,0.01,-0.74,820.00,0.00,0.00,0.00,0.00,0.00,12.00,
1/7/2026,4:41:36 PM,2.00,11.30,3.70,-0.20,2.29,-0.08,0.00,4.51,105.69,0.10,0.01,-0.70,820.00,0.00,0.00,0.00,0.00,0.00,12.00,
1/7/2026,4:42:37 PM,1.00,11.30,3.70,-0.22,2.29,1.40,0.00,4.61,105.76,0.10,0.01,-0.86,820.00,0.00,0.01,0.00,0.00,0.00,12.00,
1/7/2026,4:43:37 PM,2.00,11.30,3.70,-0.22,2.29,0.67,0.00,4.60,105.88,0.10,0.01,-0.78,820.00,0.00,0.00,0.00,0.00,0.00,12.00,
1/7/2026,4:44:38 PM,2.00,11.30,3.70,-0.22,2.29,-0.05,0.00,4.51,108.33,0.10,0.01,-0.68,820.00,0.00,0.00,0.00,0.01,0.00,12.00,
1/7/2026,4:45:39 PM,2.00,11.30,3.70,-0.22,2.29,0.79,0.00,4.50,108.26,0.10,0.01,-0.79,820.00,0.00,0.01,0.00,0.00,0.00,12.00,
1/7/2026,4:46:39 PM,2.00,11.30,3.70,-0.21,2.29,1.06,0.00,4.51,108.36,0.10,0.01,-0.82,820.00,0.00,0.00,0.00,0.00,0.00,12.00,
1/7/2026,4:47:40 PM,2.00,11.30,3.70,-0.21,2.29,0.35,0.00,4.50,110.89,0.10,0.01,-0.73,820.00,0.00,0.00,0.00,0.00,0.00,12.00,
1/7/2026,4:48:40 PM,2.00,11.30,3.70,-0.21,2.29,0.58,0.00,4.45,110.85,0.10,0.01,-0.76,820.00,0.00,0.00,0.00,0.00,0.00,12.00,
1/7/2026,4:49:41 PM,2.00,11.30,3.70,-0.22,2.29,0.67,0.00,4.51,113.34,0.10,0.01,-0.77,820.00,0.00,0.00,0.00,0.00,0.00,12.00,
1/7/2026,4:50:42 PM,2.00,11.30,3.70,-0.21,2.29,0.17,0.00,4.41,110.73,0.10,0.01,-0.74,820.00,0.00,0.00,0.00,0.00,0.00,12.00,
1/7/2026,4:51:42 PM,2.00,11.30,3.70,-0.22,2.29,0.93,0.00,4.31,108.27,0.10,0.01,-0.81,820.00,0.00,0.00,0.00,0.00,0.00,12.00,
1/7/2026,4:52:43 PM,2.00,11.30,3.70,-0.21,2.29,0.12,0.00,4.52,108.33,0.10,0.01,-0.73,820.00,0.00,0.00,0.00,0.00,0.00,12.00,
1/7/2026,4:53:43 PM,2.00,11.30,3.70,-0.22,2.29,0.67,0.00,4.41,108.45,0.10,0.01,-0.82,820.00,0.00,0.01,0.00,0.00,0.00,12.00,
1/7/2026,4:54:44 PM,2.00,11.30,3.70,-0.23,2.29,0.98,0.00,4.31,110.78,0.10,0.01,-0.88,820.00,0.00,0.01,0.00,0.00,0.00,12.00,
1/7/2026,4:55:44 PM,2.00,11.30,3.70,-0.21,2.29,0.33,0.00,4.41,110.87,0.10,0.01,-0.74,820.00,0.00,0.00,0.00,0.00,0.00,12.00,
1/7/2026,4:56:45 PM,2.00,11.30,3.70,-0.21,2.29,0.17,0.00,4.50,110.87,0.10,0.01,-0.69,820.00,0.00,0.00,0.00,6.42,0.00,12.00,
1/7/2026,4:57:46 PM,2.00,11.30,3.70,-0.22,2.29,0.58,0.00,4.41,113.58,0.10,0.01,-0.78,820.00,0.00,0.00,0.00,0.00,0.00,12.00,
1/7/2026,4:58:46 PM,2.00,11.30,3.70,-0.22,2.29,0.95,0.00,4.41,116.06,0.10,0.01,-0.79,820.00,0.00,0.00,0.00,0.00,0.00,12.00,
1/7/2026,4:59:47 PM,2.00,11.30,3.70,-0.20,2.29,0.45,0.00,4.41,123.88,0.10,0.01,-0.78,820.00,0.00,0.00,0.00,0.00,0.00,12.00,
1/7/2026,5:00:48 PM,2.00,11.30,3.70,-0.20,2.29,0.77,0.00,4.41,116.01,0.10,0.01,-0.75,820.00,0.00,0.00,0.00,0.00,0.00,12.00,
1/7/2026,5:01:48 PM,2.00,11.30,3.70,-0.21,2.29,0.23,0.00,4.31,115.95,0.10,0.01,-0.73,820.00,0.00,0.00,0.00,0.00,0.00,12.00,
1/7/2026,5:02:49 PM,2.00,11.30,3.70,-0.21,2.29,0.49,0.00,4.31,110.78,0.10,0.01,-0.81,820.00,0.00,0.01,0.00,0.00,0.00,12.00,
1/7/2026,5:03:49 PM,2.00,11.30,3.70,-0.20,2.29,-0.02,0.00,4.31,113.25,0.10,0.01,-0.73,820.00,0.00,0.00,0.00,0.00,0.00,12.00,
1/7/2026,5:04:50 PM,2.00,11.30,3.70,-0.21,2.29,0.27,0.00,4.41,118.67,0.10,0.01,-0.75,820.00,0.00,0.00,0.00,0.00,0.00,12.00,
1/7/2026,5:05:50 PM,2.00,11.30,3.70,-0.20,2.29,-0.05,0.00,4.41,115.82,0.10,0.01,-0.71,820.00,0.00,0.00,0.00,0.00,0.00,12.00,
1/7/2026,5:06:51 PM,2.00,11.30,3.70,-0.21,2.29,-0.01,0.00,4.31,118.65,0.10,0.01,-0.73,820.00,0.00,0.00,0.00,0.00,0.00,12.00,
1/7/2026,5:07:52 PM,2.00,11.30,3.70,-0.21,2.29,0.93,0.00,4.31,118.65,0.10,0.01,-0.81,820.00,0.00,0.00,0.00,0.00,0.00,12.00,
1/7/2026,5:08:52 PM,2.00,11.30,3.70,-0.20,2.29,0.53,0.00,4.42,113.26,0.10,0.01,-0.73,820.00,0.00,0.00,0.00,0.00,0.00,12.00,
1/7/2026,5:09:53 PM,2.00,11.30,3.70,-0.21,2.29,0.62,0.00,4.22,113.36,0.10,0.01,-0.77,820.00,0.00,0.00,0.00,0.00,0.00,12.00,
1/7/2026,5:10:53 PM,2.00,11.30,3.70,-0.21,2.29,0.86,0.00,4.41,113.48,0.10,0.01,-0.81,820.00,0.00,0.00,0.00,0.00,0.00,12.00,
1/7/2026,5:11:54 PM,2.00,11.30,3.70,-0.21,2.29,0.32,0.00,4.41,115.85,0.10,0.01,-0.75,820.00,0.00,0.00,0.00,0.00,0.00,12.00,
1/7/2026,5:12:55 PM,2.00,11.30,3.70,-0.20,2.29,0.61,0.00,4.41,115.90,0.10,0.01,-0.80,820.00,0.00,0.00,0.00,0.00,0.00,12.00,
1/7/2026,5:13:55 PM,2.00,11.30,3.70,-0.21,2.29,0.04,0.00,4.41,115.92,0.10,0.01,-0.73,820.00,0.00,0.00,0.00,0.00,0.00,12.00,
1/7/2026,5:14:56 PM,2.00,11.30,3.70,-0.20,2.29,0.56,0.00,4.31,115.92,0.10,0.01,-0.76,820.00,0.00,0.00,0.00,0.00,0.00,12.00,
1/7/2026,5:15:56 PM,2.00,11.30,3.70,-0.21,2.29,-0.01,0.00,4.41,118.51,0.10,0.01,-0.67,820.00,0.00,0.00,0.00,0.00,0.00,12.00,
1/7/2026,5:16:57 PM,2.00,11.30,3.70,-0.21,2.29,0.10,0.00,4.32,118.57,0.10,0.01,-0.72,820.00,0.00,0.00,0.00,0.00,0.00,12.00,
1/7/2026,5:17:57 PM,2.00,11.30,3.70,-0.22,2.29,0.94,0.00,4.41,118.51,0.10,0.01,-0.80,820.00,0.00,0.00,0.00,0.00,0.00,12.00,
1/7/2026,5:18:58 PM,2.00,11.30,3.70,-0.21,2.29,0.00,0.00,4.41,121.48,0.10,0.01,-0.72,820.00,0.00,0.00,0.00,0.00,0.00,12.00,
1/7/2026,5:19:59 PM,2.00,11.30,3.70,-0.21,2.29,0.56,0.00,4.40,121.25,0.10,0.01,-0.76,820.00,0.00,0.00,0.00,0.00,0.00,12.00,
1/7/2026,5:20:59 PM,2.00,11.30,3.70,-0.22,2.29,0.85,0.00,4.48,121.22,0.10,0.01,-0.79,820.00,0.00,0.00,0.00,0.00,0.00,12.00,
1/7/2026,5:22:00 PM,2.00,11.30,3.70,-0.21,2.29,0.37,0.00,4.51,123.93,0.10,0.01,-0.72,820.00,0.00,0.00,0.00,0.00,0.00,12.00,
1/7/2026,5:23:00 PM,2.00,11.30,3.70,-0.22,2.29,0.65,0.00,4.51,123.84,0.10,0.01,-0.81,820.00,0.00,0.00,0.00,0.00,0.00,12.00,
1/7/2026,5:24:01 PM,2.00,11.30,3.70,-0.20,2.29,0.11,0.00,4.34,123.92,0.10,0.01,-0.71,820.00,0.00,0.00,0.00,0.00,0.00,12.00,
1/7/2026,5:25:02 PM,2.00,11.30,3.70,-0.21,2.29,0.41,0.00,4.41,129.67,0.10,0.01,-0.79,820.00,0.00,0.00,0.00,0.00,0.00,12.00,
1/7/2026,5:26:02 PM,2.00,11.30,3.70,-0.22,2.29,-0.07,0.00,4.51,126.81,0.10,0.01,-0.70,820.00,0.00,0.00,0.00,0.00,0.00,12.00,
1/7/2026,5:27:03 PM,2.00,11.30,3.70,-0.22,2.29,0.09,0.00,4.41,126.65,0.10,0.01,-0.78,820.00,0.00,0.00,0.00,0.00,0.00,12.00,
1/7/2026,5:28:03 PM,2.00,11.30,3.70,-0.22,2.29,0.99,0.00,4.52,129.87,0.10,0.01,-0.92,820.00,0.00,0.01,0.00,0.00,0.00,12.00,
1/7/2026,5:29:04 PM,2.00,11.30,3.70,-0.21,2.29,-0.08,0.00,4.31,126.77,0.10,0.01,-0.69,820.00,0.00,0.00,0.00,0.00,0.00,12.00,
1/7/2026,5:30:05 PM,2.00,11.30,3.70,-0.21,2.29,0.89,0.00,4.41,126.79,0.10,0.01,-0.84,820.00,0.00,0.01,0.00,0.00,0.00,12.00,
1/7/2026,5:31:05 PM,2.00,11.30,3.70,-0.21,2.29,-0.08,0.00,4.41,129.83,0.10,0.01,-0.68,820.00,0.00,0.00,0.00,0.00,0.00,12.00,
1/7/2026,5:32:06 PM,2.00,11.30,3.70,-0.21,2.29,0.76,0.00,4.41,129.84,0.10,0.01,-0.82,820.00,0.00,0.00,0.00,0.00,0.00,12.00,
1/7/2026,5:33:06 PM,2.00,11.30,3.70,-0.22,2.29,1.02,0.00,4.31,132.83,0.10,0.01,-0.82,820.00,0.00,0.00,0.00,0.00,0.00,12.00,
1/7/2026,5:34:07 PM,2.00,11.30,3.70,-0.20,2.29,0.51,0.00,4.42,132.87,0.10,0.01,-0.73,820.00,0.00,0.00,0.00,0.00,0.00,12.00,
1/7/2026,5:35:08 PM,2.00,11.30,3.70,-0.22,2.29,0.92,0.00,4.41,135.95,0.10,0.01,-0.90,820.00,0.00,0.01,0.00,0.00,0.00,12.00,
1/7/2026,5:36:08 PM,2.00,11.30,3.70,-0.21,2.29,0.36,0.00,4.62,132.66,0.10,0.01,-0.74,820.00,0.00,0.00,0.00,0.00,0.00,12.00,
1/7/2026,5:37:09 PM,2.00,11.30,3.70,-0.22,2.29,0.67,0.00,4.61,135.82,0.10,0.01,-0.73,820.00,0.00,0.00,0.00,0.00,0.00,12.00,
1/7/2026,5:38:09 PM,2.00,11.30,3.70,-0.21,2.29,0.19,0.00,4.51,135.86,0.10,0.01,-0.74,820.00,0.00,0.00,0.00,0.00,0.00,12.00,
1/7/2026,5:39:10 PM,2.00,11.30,3.70,-0.21,2.29,0.47,0.00,4.61,138.99,0.10,0.01,-0.75,820.00,0.00,0.00,0.00,0.00,0.00,12.00,
1/7/2026,5:40:10 PM,2.00,11.30,3.70,-0.21,2.29,-0.07,0.00,4.62,142.22,0.10,0.01,-0.75,820.00,0.00,0.00,0.00,0.00,0.00,12.00,
1/7/2026,5:41:11 PM,2.00,11.30,3.70,-0.22,2.29,0.37,0.00,4.62,145.66,0.10,0.01,-0.74,820.00,0.00,0.00,0.00,0.00,0.00,12.00,
1/7/2026,5:42:12 PM,2.00,11.30,3.70,-0.21,2.29,0.88,0.00,4.62,149.27,0.10,0.01,-0.78,820.00,0.00,0.01,0.00,0.00,0.00,12.00,
1/7/2026,5:43:12 PM,2.00,11.30,3.70,-0.22,2.29,-0.00,0.00,4.52,139.05,0.10,0.01,-0.72,820.00,0.00,0.00,0.00,0.00,0.00,12.00,
1/7/2026,5:44:13 PM,2.00,11.30,3.70,-0.21,2.29,0.66,0.00,4.62,142.36,0.10,0.01,-0.78,820.00,0.00,0.00,0.00,0.00,0.00,12.00,
1/7/2026,5:45:13 PM,2.00,11.30,3.70,-0.21,2.29,0.98,0.00,4.62,142.27,0.10,0.01,-0.81,820.00,0.00,0.01,0.00,0.00,0.00,12.00,
1/7/2026,5:46:14 PM,2.00,11.30,3.70,-0.20,2.29,0.44,0.00,4.62,145.70,0.10,0.01,-0.75,820.00,0.00,0.00,0.00,0.00,0.00,12.00,
1/7/2026,5:47:14 PM,2.00,11.30,3.70,-0.21,2.29,0.59,0.00,4.51,149.27,0.10,0.01,-0.76,820.00,0.00,0.00,0.00,0.00,0.00,12.00,
1/7/2026,5:48:15 PM,2.00,11.30,3.70,-0.20,2.29,0.10,0.00,4.62,152.71,0.10,0.01,-0.69,820.00,0.00,0.00,0.00,0.00,0.00,12.00,
1/7/2026,5:49:16 PM,2.00,11.30,3.70,-0.20,2.29,0.39,0.00,4.62,145.75,0.10,0.01,-0.75,820.00,0.00,0.00,0.00,0.00,0.00,12.00,
1/7/2026,5:50:16 PM,2.00,11.30,3.70,-0.20,2.29,-0.10,0.00,4.62,167.66,0.10,0.01,-0.74,820.00,0.00,0.00,0.00,0.00,0.00,12.00,
1/7/2026,5:51:17 PM,2.00,11.30,3.70,-0.20,2.29,0.08,0.00,4.62,110.67,0.10,0.01,-0.69,820.00,0.00,0.00,0.00,0.00,0.00,12.00,
1/7/2026,5:52:17 PM,2.00,11.30,3.70,-0.21,2.29,0.99,0.00,4.51,110.56,0.10,0.01,-0.83,820.00,0.00,0.01,0.00,0.00,0.00,12.00,
1/7/2026,5:53:18 PM,2.00,11.30,3.70,-0.20,2.29,-0.09,0.00,4.52,110.52,0.10,0.01,-0.72,820.00,0.00,0.00,0.00,0.00,0.00,12.00,
1/7/2026,5:54:19 PM,2.00,11.30,3.70,-0.21,2.29,0.68,0.00,4.41,110.64,0.10,0.01,-0.77,820.00,0.00,0.00,0.00,0.00,0.00,12.00,
1/7/2026,5:55:19 PM,2.00,11.30,3.70,-0.21,2.29,0.96,0.00,4.41,113.14,0.10,0.01,-0.83,820.00,0.00,0.00,0.00,0.00,0.00,12.00,
1/7/2026,5:56:20 PM,2.00,11.30,3.70,-0.21,2.29,0.48,0.00,4.31,108.65,0.10,0.01,-0.76,820.00,0.00,0.00,0.00,0.00,0.00,12.00,
1/7/2026,5:57:20 PM,2.00,11.30,3.70,-0.21,2.29,0.02,0.00,4.31,108.21,0.10,0.01,-0.69,820.00,0.00,0.00,0.00,0.00,0.00,12.00,
1/7/2026,5:58:21 PM,2.00,11.30,3.70,-0.20,2.29,0.13,0.00,4.31,108.09,0.10,0.01,-0.72,820.00,0.00,0.00,0.00,0.00,0.00,12.00,
1/7/2026,5:59:22 PM,2.00,11.30,3.70,-0.20,2.29,0.73,0.00,4.31,108.06,0.10,0.01,-0.75,820.00,0.00,0.00,0.00,0.00,0.00,12.00,
1/7/2026,6:00:22 PM,2.00,11.30,3.70,-0.21,2.29,-0.07,0.00,4.31,108.18,0.10,0.01,-0.74,820.00,0.00,0.00,0.00,0.00,0.00,12.00,
1/7/2026,6:01:23 PM,2.00,11.30,3.70,-0.21,2.29,0.18,0.00,4.29,108.22,0.10,0.01,-0.73,820.00,0.00,0.00,0.00,0.00,0.00,12.00,
1/7/2026,6:02:23 PM,2.00,11.30,3.70,-0.21,2.29,0.65,0.00,4.31,108.08,0.10,0.01,-0.74,820.00,0.00,0.00,0.00,0.00,0.00,12.00,
1/7/2026,6:03:24 PM,2.00,11.30,3.70,-0.21,2.29,-0.02,0.00,4.21,108.29,0.10,0.01,-0.73,820.00,0.00,0.00,0.00,0.00,0.00,12.00,
1/7/2026,6:04:24 PM,2.00,11.30,3.70,-0.21,2.29,0.81,0.00,4.21,108.09,0.10,0.01,-0.77,820.00,0.00,0.00,0.00,0.00,0.00,12.00,
1/7/2026,6:05:25 PM,2.00,11.30,3.70,-0.21,2.29,0.41,0.00,4.22,108.11,0.10,0.01,-0.72,820.00,0.00,0.00,0.00,0.00,0.00,12.00,
1/7/2026,6:06:26 PM,2.00,11.30,3.70,-0.19,2.29,0.49,0.00,4.21,110.61,0.10,0.01,-0.80,820.00,0.00,0.00,0.00,0.00,0.00,12.00,
1/7/2026,6:07:26 PM,2.00,11.30,3.70,-0.21,2.29,0.73,0.00,4.20,110.62,0.10,0.01,-0.75,820.00,0.00,0.00,0.00,0.00,0.00,12.00,
1/7/2026,6:08:27 PM,2.00,11.30,3.70,-0.20,2.29,0.24,0.00,4.13,110.76,0.10,0.01,-0.74,820.00,0.00,0.00,0.00,0.00,0.00,12.00,
1/7/2026,6:09:27 PM,2.00,11.30,3.70,-0.21,2.29,0.40,0.00,4.21,110.59,0.10,0.01,-0.74,820.00,0.00,0.00,0.00,0.00,0.00,12.00,
1/7/2026,6:10:28 PM,2.00,11.30,3.70,-0.21,2.29,-0.03,0.00,4.21,110.42,0.10,0.01,-0.76,820.00,0.00,0.00,0.00,0.00,0.00,12.00,
1/7/2026,6:11:28 PM,2.00,11.30,3.70,-0.21,2.29,-0.01,0.00,4.12,110.53,0.10,0.01,-0.69,820.00,0.00,0.00,0.00,0.00,0.00,12.00,
1/7/2026,6:12:29 PM,2.00,11.30,3.70,-0.21,2.29,0.69,0.00,4.21,110.40,0.10,0.01,-0.79,820.00,0.00,0.00,0.00,0.00,0.00,12.00,
1/7/2026,6:13:30 PM,2.00,11.30,3.70,-0.20,2.29,0.90,0.00,4.12,110.67,0.10,0.01,-0.80,820.00,0.00,0.00,0.00,0.00,0.00,12.00,
1/7/2026,6:14:30 PM,2.00,11.30,3.70,-0.21,2.29,0.30,0.00,4.12,110.59,0.10,0.01,-0.78,820.00,0.00,0.00,0.00,0.00,0.00,12.00,
1/7/2026,6:15:31 PM,2.00,11.30,3.70,-0.21,2.29,0.80,0.00,3.97,110.70,0.10,0.01,-0.74,820.00,0.00,0.00,0.00,0.00,0.00,12.00,
1/7/2026,6:16:31 PM,2.00,11.30,3.70,-0.21,2.29,0.25,0.00,3.94,110.49,0.10,0.01,-0.73,820.00,0.00,0.00,0.00,0.00,0.00,12.00,
1/7/2026,6:17:32 PM,2.00,11.30,3.70,-0.20,2.29,0.36,0.00,3.94,110.57,0.10,0.01,-0.73,820.00,0.00,0.00,0.00,0.00,0.00,12.00,
1/7/2026,6:18:32 PM,2.00,11.30,3.70,-0.21,2.29,-0.03,0.00,3.95,113.11,0.10,0.01,-0.74,820.00,0.00,0.00,0.00,0.00,0.00,12.00,
1/7/2026,6:19:33 PM,2.00,11.30,3.70,-0.20,2.29,-0.02,0.00,3.82,113.13,0.10,0.01,-0.70,820.00,0.00,0.00,0.00,0.00,0.00,12.00,
1/7/2026,6:20:34 PM,2.00,11.30,3.70,-0.20,2.29,0.55,0.00,3.94,113.12,0.10,0.01,-0.75,820.00,0.00,0.00,0.00,0.00,0.00,12.00,
1/7/2026,6:21:34 PM,2.00,11.30,3.70,-0.20,2.29,-0.10,0.00,3.85,113.22,0.10,0.01,-0.72,820.00,0.00,0.00,0.00,0.00,0.00,12.00,
1/7/2026,6:22:35 PM,2.00,11.30,3.70,-0.20,2.29,0.66,0.00,3.76,113.28,0.10,0.01,-0.76,820.00,0.00,0.00,0.00,0.00,0.00,12.00,
1/7/2026,6:23:35 PM,2.00,11.30,3.70,-0.21,2.29,0.90,0.00,3.85,113.23,0.10,0.01,-0.79,820.00,0.00,0.00,0.00,0.00,0.00,12.00,
1/7/2026,6:24:36 PM,2.00,11.30,3.70,-0.20,2.29,0.38,0.00,3.77,113.14,0.10,0.01,-0.80,820.00,0.00,0.00,0.00,0.00,0.00,12.00,
1/7/2026,6:25:36 PM,2.00,11.30,3.70,-0.20,2.29,0.47,0.00,3.68,115.65,0.10,0.01,-0.74,820.00,0.00,0.00,0.00,0.00,0.00,12.00,
1/7/2026,6:26:37 PM,2.00,11.30,3.70,-0.20,2.29,-0.08,0.00,3.68,115.70,0.10,0.01,-0.69,820.00,0.00,0.00,0.00,0.00,0.00,12.00,
1/7/2026,6:27:38 PM,2.00,11.30,3.70,-0.22,2.29,0.08,0.00,3.65,115.73,0.10,0.01,-0.70,820.00,0.00,0.00,0.00,0.00,0.00,12.00,
1/7/2026,6:28:38 PM,2.00,11.30,3.70,-0.21,2.29,0.82,0.00,3.68,115.72,0.10,0.01,-0.80,820.00,0.00,0.00,0.00,0.00,0.00,12.00,
1/7/2026,6:29:39 PM,2.00,11.30,3.70,-0.20,2.29,0.49,0.00,3.60,115.73,0.10,0.01,-0.77,820.00,0.00,0.00,0.00,0.00,0.00,12.00,
1/7/2026,6:30:39 PM,2.00,11.30,3.70,-0.21,2.29,0.44,0.00,3.59,118.36,0.10,0.01,-0.76,820.00,0.00,0.00,0.00,0.00,0.00,12.00,
1/7/2026,6:31:40 PM,2.00,11.30,3.70,-0.21,2.29,0.94,0.00,3.60,115.83,0.10,0.01,-0.74,820.00,0.00,0.00,0.00,0.00,0.00,12.00,
1/7/2026,6:32:40 PM,2.00,11.30,3.70,-0.21,2.29,0.45,0.00,3.60,115.77,0.10,0.01,-0.77,820.00,0.00,0.00,0.00,0.00,0.00,12.00,
1/7/2026,6:33:41 PM,2.00,11.30,3.70,-0.21,2.29,0.60,0.00,3.60,115.87,0.10,0.01,-0.74,820.00,0.00,0.00,0.00,0.00,0.00,12.00,
1/7/2026,6:34:42 PM,2.00,11.30,3.70,-0.21,2.29,0.06,0.00,3.60,118.31,0.10,0.01,-0.74,820.00,0.00,0.00,0.00,0.00,0.00,12.00,
1/7/2026,6:35:42 PM,2.00,11.30,3.70,-0.20,2.29,0.28,0.00,3.51,118.47,0.10,0.01,-0.71,820.00,0.00,0.00,0.00,0.00,0.00,12.00,
1/7/2026,6:36:43 PM,2.00,11.30,3.70,-0.21,2.29,0.26,0.00,3.52,118.40,0.10,0.01,-0.66,820.00,0.00,0.00,0.00,0.00,0.00,12.00,
1/7/2026,6:37:43 PM,2.00,11.30,3.70,-0.22,2.29,-0.07,0.00,3.55,118.46,0.10,0.01,-0.71,820.00,0.00,0.00,0.00,0.00,0.00,12.00,
1/7/2026,6:38:44 PM,2.00,11.30,3.70,-0.21,2.29,0.60,0.00,3.59,120.97,0.10,0.01,-0.79,820.00,0.00,0.00,0.00,0.00,0.00,12.00,
1/7/2026,6:39:44 PM,2.00,11.30,3.70,-0.20,2.29,0.72,0.00,3.52,121.00,0.10,0.01,-0.78,820.00,0.00,0.00,0.00,0.00,0.00,12.00,
1/7/2026,6:40:45 PM,2.00,11.30,3.70,-0.20,2.29,0.21,0.00,3.52,121.09,0.10,0.01,-0.70,820.00,0.00,0.00,0.00,0.00,0.00,12.00,
1/7/2026,6:41:46 PM,2.00,11.30,3.70,-0.21,2.29,0.34,0.00,3.52,123.65,0.10,0.01,-0.74,820.00,0.00,0.00,0.00,0.00,0.00,12.00,
1/7/2026,6:42:46 PM,2.00,11.30,3.70,-0.21,2.29,-0.03,0.00,3.51,121.15,0.10,0.01,-0.67,820.00,0.00,0.00,0.00,0.00,0.00,12.00,
1/7/2026,6:43:47 PM,2.00,11.30,3.70,-0.20,2.29,0.01,0.00,3.43,123.62,0.10,0.01,-0.68,820.00,0.00,0.00,0.00,0.00,0.00,12.00,
1/7/2026,6:44:47 PM,2.00,11.30,3.70,-0.21,2.29,0.84,0.00,3.43,123.71,0.10,0.01,-0.77,820.00,0.00,0.01,0.00,0.00,0.00,12.00,
1/7/2026,6:45:48 PM,2.00,11.30,3.70,-0.21,2.29,0.94,0.00,3.52,123.66,0.10,0.01,-0.78,820.00,0.00,0.00,0.00,0.00,0.00,12.00,
1/7/2026,6:46:48 PM,2.00,11.30,3.70,-0.20,2.29,0.43,0.00,3.44,123.71,0.10,0.01,-0.74,820.00,0.00,0.00,0.00,0.00,0.00,12.00,
1/7/2026,6:47:49 PM,2.00,11.30,3.70,-0.22,2.29,0.64,0.00,3.51,126.58,0.10,0.01,-0.79,820.00,0.00,0.00,0.00,0.00,0.00,12.00,
1/7/2026,6:48:50 PM,2.00,11.30,3.70,-0.20,2.29,0.05,0.00,3.44,126.54,0.10,0.01,-0.73,820.00,0.00,0.00,0.00,0.00,0.00,12.00,
1/7/2026,6:49:50 PM,2.00,11.30,3.70,-0.21,2.29,0.24,0.00,3.36,126.75,0.10,0.01,-0.74,820.00,0.00,0.00,0.00,0.00,0.00,12.00,
1/7/2026,6:50:51 PM,2.00,11.30,3.70,-0.22,2.29,0.96,0.00,3.43,126.64,0.10,0.01,-0.75,820.00,0.00,0.00,0.00,0.00,0.00,12.00,
1/7/2026,6:51:51 PM,2.00,11.30,3.70,-0.21,2.29,-0.07,0.00,3.36,123.70,0.10,0.01,-0.67,820.00,0.00,0.00,0.00,0.00,0.00,12.00,
1/7/2026,6:52:52 PM,2.00,11.30,3.70,-0.21,2.29,0.61,0.00,3.40,123.78,0.10,0.01,-0.77,820.00,0.00,0.00,0.00,0.00,0.00,12.00,
1/7/2026,6:53:52 PM,2.00,11.30,3.70,-0.22,2.29,0.87,0.00,3.36,126.61,0.10,0.01,-0.75,820.00,0.00,0.00,0.00,0.00,0.00,12.00,
1/7/2026,6:54:53 PM,2.00,11.30,3.70,-0.21,2.29,0.26,0.00,3.44,123.78,0.10,0.01,-0.70,820.00,0.00,0.00,0.00,0.00,0.00,12.00,
1/7/2026,6:55:54 PM,2.00,11.30,3.70,-0.21,2.29,0.48,0.00,3.29,126.59,0.10,0.01,-0.76,820.00,0.00,0.00,0.00,0.00,0.00,12.00,
1/7/2026,6:56:54 PM,2.00,11.30,3.70,-0.21,2.29,-0.05,0.00,3.36,126.66,0.10,0.01,-0.69,820.00,0.00,0.00,0.00,0.00,0.00,12.00,
1/7/2026,6:57:55 PM,2.00,11.30,3.70,-0.20,2.29,0.05,0.00,3.29,126.69,0.10,0.01,-0.66,820.00,0.00,0.00,0.00,0.00,0.00,12.00,
1/7/2026,6:58:55 PM,2.00,11.30,3.70,-0.20,2.29,0.84,0.00,3.27,126.63,0.10,0.01,-0.79,820.00,0.00,0.00,0.00,0.00,0.00,12.00,
1/7/2026,6:59:56 PM,2.00,11.30,3.70,-0.20,2.29,0.04,0.00,3.28,129.67,0.10,0.01,-0.68,820.00,0.00,0.00,0.00,0.00,0.00,12.00,
1/7/2026,7:00:56 PM,2.00,11.30,3.70,-0.20,2.29,0.46,0.00,3.21,129.62,0.10,0.01,-0.72,820.00,0.00,0.00,0.00,0.00,0.00,12.00,
1/7/2026,7:01:57 PM,2.00,11.30,3.70,-0.20,2.29,0.65,0.00,3.21,129.54,0.10,0.01,-0.75,820.00,0.00,0.00,0.00,0.00,0.00,12.00,
1/7/2026,7:02:57 PM,2.00,11.30,3.70,-0.20,2.29,0.08,0.00,3.28,132.71,0.10,0.01,-0.71,820.00,0.00,0.00,0.00,0.00,0.00,12.00,
1/7/2026,7:03:58 PM,2.00,11.30,3.70,-0.20,2.29,0.24,0.00,3.21,132.53,0.10,0.01,-0.76,820.00,0.00,0.00,0.00,0.00,0.00,12.00,
1/7/2026,7:04:59 PM,2.00,11.30,3.70,-0.21,2.29,0.05,0.00,3.28,135.75,0.10,0.01,-0.67,820.00,0.00,0.00,0.00,0.00,0.00,12.00,
1/7/2026,7:05:59 PM,2.00,11.30,3.70,-0.19,2.29,-0.03,0.00,3.28,138.95,0.10,0.01,-0.70,820.00,0.00,0.00,0.00,0.00,0.00,12.00,
1/7/2026,7:07:00 PM,2.00,11.30,3.70,-0.19,2.29,0.69,0.00,3.13,142.25,0.10,0.01,-0.77,820.00,0.00,0.00,0.00,0.00,0.00,12.00,
1/7/2026,7:08:00 PM,2.00,11.30,3.70,-0.21,2.29,0.92,0.00,3.21,148.93,0.10,0.01,-0.76,820.00,0.00,0.00,0.00,0.00,0.00,12.00,
1/7/2026,7:09:01 PM,2.00,11.30,3.70,-0.20,2.29,0.50,0.00,3.28,118.50,0.10,0.01,-0.70,820.00,0.00,0.00,0.00,0.00,0.00,12.00,
1/7/2026,7:10:01 PM,2.00,11.30,3.70,-0.21,2.29,0.73,0.00,3.28,110.64,0.10,0.01,-0.85,820.00,0.00,0.00,0.00,0.00,0.00,12.00,
1/7/2026,7:11:02 PM,2.00,11.30,3.70,-0.21,2.29,0.27,0.00,3.13,110.61,0.10,0.01,-0.73,820.00,0.00,0.00,0.00,0.00,0.00,12.00,
1/7/2026,7:12:03 PM,2.00,11.30,3.70,-0.19,2.29,0.46,0.00,3.12,110.47,0.10,0.01,-0.72,820.00,0.00,0.00,0.00,0.00,0.00,12.00,
1/7/2026,7:13:03 PM,2.00,11.30,3.70,-0.20,2.29,-0.10,0.00,3.21,110.63,0.10,0.01,-0.66,820.00,0.00,0.00,0.00,0.00,0.00,12.00,
1/7/2026,7:14:04 PM,2.00,11.30,3.70,-0.20,2.29,0.19,0.00,3.21,110.48,0.10,0.01,-0.72,820.00,0.00,0.00,0.00,0.00,0.00,12.00,
1/7/2026,7:15:04 PM,2.00,11.30,3.70,-0.21,2.29,0.04,0.00,3.13,110.52,0.10,0.01,-0.73,820.00,0.00,0.00,0.00,0.00,0.00,12.00,
1/7/2026,7:16:05 PM,2.00,11.30,3.70,-0.21,2.29,-0.04,0.00,3.28,113.20,0.10,0.01,-0.71,820.00,0.00,0.00,0.00,0.00,0.00,12.00,
1/7/2026,7:17:06 PM,2.00,11.30,3.70,24.80,2.29,1.58,0.00,3.28,113.13,0.10,0.01,73.72,820.00,0.00,0.00,0.00,0.00,0.00,12.00,
1/7/2026,7:18:06 PM,2.00,11.30,3.70,-0.21,2.29,0.02,0.00,3.21,115.83,0.10,0.01,-0.75,820.00,0.00,0.00,0.00,0.00,0.00,12.00,
1/7/2026,7:19:07 PM,2.00,11.30,3.70,-0.19,2.29,0.76,0.00,3.13,113.15,0.10,0.01,-0.70,820.00,0.00,0.00,0.00,0.00,0.00,12.00,
1/7/2026,7:20:07 PM,2.00,11.30,3.70,-0.21,2.29,0.95,0.00,3.21,113.15,0.10,0.01,-0.76,820.00,0.00,0.00,0.00,0.00,0.00,12.00,
1/7/2026,7:21:08 PM,2.00,11.30,3.70,-0.21,2.29,0.73,0.00,3.21,110.50,0.10,0.01,-0.77,820.00,0.00,0.00,0.00,0.00,0.00,12.00,
1/7/2026,7:22:09 PM,2.00,11.30,3.70,-0.21,2.29,0.87,0.00,3.26,110.71,0.10,0.01,-0.80,820.00,0.00,0.00,0.00,0.00,0.00,12.00,
1/7/2026,7:23:09 PM,2.00,11.30,3.70,-0.21,2.29,0.41,0.00,3.21,110.58,0.10,0.01,-0.78,820.00,0.00,0.00,0.00,0.00,0.00,12.00,
1/7/2026,7:24:10 PM,2.00,11.30,3.70,-0.20,2.29,0.55,0.00,3.28,110.62,0.10,0.01,-0.74,820.00,0.00,0.00,0.00,0.00,0.00,12.00,
1/7/2026,7:25:10 PM,2.00,11.30,3.70,-0.21,2.29,-0.03,0.00,3.14,110.63,0.10,0.01,-0.70,820.00,0.00,0.00,0.00,0.00,0.00,12.00,
1/7/2026,7:26:11 PM,2.00,11.30,3.70,-0.20,2.29,0.16,0.00,3.28,113.11,0.10,0.01,-0.72,820.00,0.00,0.00,0.00,0.00,0.00,12.00,
1/7/2026,7:27:11 PM,2.00,11.30,3.70,-0.21,2.29,0.85,0.00,3.14,113.01,0.10,0.01,-0.78,820.00,0.00,0.00,0.00,0.00,0.00,12.00,
1/7/2026,7:28:12 PM,2.00,11.30,3.70,-0.21,2.29,0.02,0.00,3.21,113.22,0.10,0.01,-0.67,820.00,0.00,0.00,0.00,0.00,0.00,12.00,
1/7/2026,7:29:13 PM,2.00,0.01,0.00,-0.21,2.29,0.58,0.00,2.93,113.18,0.10,0.01,-0.81,820.00,0.00,0.01,0.00,0.00,0.00,12.00,
1/7/2026,7:30:13 PM,2.00,0.01,0.00,-0.22,2.29,0.69,0.00,2.45,115.79,0.10,0.01,-0.82,820.00,0.00,0.00,0.00,0.00,0.00,12.00,
1/7/2026,7:31:14 PM,2.00,0.01,0.00,-0.21,2.29,0.14,0.00,2.24,115.76,0.10,0.01,-0.73,820.00,0.00,0.00,0.00,0.00,0.00,12.00,
1/7/2026,7:32:14 PM,2.00,0.01,0.00,-0.20,2.29,0.60,0.00,2.04,115.74,0.10,0.01,-0.73,820.00,0.00,0.00,0.00,0.00,0.00,12.00,
1/7/2026,7:33:15 PM,2.00,0.01,0.00,-0.21,2.29,0.24,0.00,2.04,118.29,0.10,0.01,-0.72,820.00,0.00,0.00,0.00,0.00,0.00,12.00,
1/7/2026,7:34:15 PM,2.00,0.01,0.00,-0.19,2.29,-0.09,0.00,1.91,118.52,0.10,0.01,-0.71,820.00,0.00,0.00,0.00,0.00,0.00,12.00,
1/7/2026,7:35:16 PM,2.00,0.01,0.00,-0.20,2.29,0.70,0.00,1.87,118.32,0.10,0.01,-0.79,820.00,0.00,0.00,0.00,0.00,0.00,12.00,
1/7/2026,7:36:16 PM,2.00,0.01,0.00,-0.21,2.29,0.87,0.00,1.83,121.17,0.10,0.01,-0.79,820.00,0.00,0.01,0.00,0.00,0.00,12.00,
1/7/2026,7:37:17 PM,2.00,0.01,0.00,-0.20,2.29,0.35,0.00,1.83,123.74,0.10,0.01,-0.75,820.00,0.00,0.00,0.00,0.00,0.00,12.00,
1/7/2026,7:38:18 PM,2.00,0.01,0.00,-0.21,0.00,0.75,0.00,1.78,105.59,0.10,0.01,-0.80,820.00,0.00,0.01,0.00,0.00,0.00,12.00,
1/7/2026,7:39:18 PM,2.00,0.01,0.00,-0.20,0.00,-0.09,0.00,1.78,105.68,0.10,0.01,-0.69,820.00,0.00,0.00,0.00,0.00,0.00,12.00,
1/7/2026,7:40:19 PM,2.00,0.01,0.00,-0.19,0.00,0.33,0.00,1.74,105.72,0.10,0.01,-0.69,820.00,0.00,0.00,0.00,0.00,0.00,12.00,
1/7/2026,7:41:19 PM,2.00,0.01,0.00,-0.21,0.00,0.15,0.00,1.74,105.60,0.10,0.01,-0.72,820.00,0.00,0.00,0.00,0.00,0.00,12.00,
1/7/2026,7:42:20 PM,2.00,0.01,0.00,-0.32,0.00,0.65,0.00,0.10,0.10,0.10,0.01,-0.73,820.00,0.00,0.00,0.00,0.00,0.00,12.00,
1/7/2026,7:43:21 PM,2.00,0.01,0.00,-0.31,0.00,0.35,0.00,0.10,96.12,0.10,0.01,-0.74,820.00,0.00,0.00,0.00,0.00,0.00,12.00,
1/7/2026,7:44:21 PM,2.00,0.01,0.00,-0.32,0.00,-0.14,0.00,0.10,100.64,0.10,0.01,-0.67,820.00,0.00,0.00,0.00,0.00,0.00,12.00,
1/7/2026,7:45:22 PM,2.00,0.01,0.00,-0.33,0.00,0.79,0.00,0.10,103.08,0.10,0.01,-0.83,820.00,0.00,0.01,0.00,0.00,0.00,12.00,
1/7/2026,7:46:23 PM,2.00,0.01,0.00,-0.32,0.00,-0.10,0.00,0.10,100.79,0.10,0.01,-0.67,820.00,0.00,0.00,0.00,0.00,0.00,12.00,
1/7/2026,7:47:24 PM,2.00,0.01,0.00,-0.32,0.00,-0.11,0.00,0.10,103.07,0.10,0.01,-0.64,820.00,0.00,0.00,0.00,0.00,0.00,12.00,
1/7/2026,7:48:24 PM,2.00,0.01,0.00,-0.33,0.00,0.66,0.00,0.10,102.96,0.10,0.01,-0.76,820.00,0.00,0.00,0.00,0.00,0.00,12.00,
1/7/2026,7:49:25 PM,2.00,0.01,0.00,-0.31,0.00,0.68,0.00,0.10,103.08,0.10,0.01,-0.74,820.00,0.00,0.00,0.00,0.00,0.00,12.00,
1/7/2026,7:50:26 PM,2.00,0.01,0.00,-0.33,0.00,0.43,0.00,0.10,105.44,0.10,0.01,-0.72,820.00,0.00,0.01,0.00,0.00,0.00,12.00,
1/7/2026,7:51:27 PM,2.00,0.01,0.00,-0.32,0.00,0.77,0.00,0.10,105.52,0.10,0.01,-0.77,820.00,0.00,0.00,0.00,0.00,0.00,12.00,
1/7/2026,7:52:27 PM,2.00,0.01,0.00,-0.32,0.00,0.23,0.00,0.10,105.47,0.10,0.01,-0.74,820.00,0.00,0.00,0.00,0.00,0.00,12.00,
1/7/2026,7:53:28 PM,2.00,0.01,0.00,-0.32,0.00,0.86,0.00,0.10,107.99,0.10,0.01,-0.80,820.00,0.00,0.00,0.00,0.00,0.00,12.00,
1/7/2026,7:54:29 PM,2.00,0.01,0.00,-0.33,0.00,-0.00,0.00,0.10,107.90,0.10,0.01,-0.73,820.00,0.00,0.00,0.00,0.00,0.00,12.00,
1/7/2026,7:55:30 PM,2.00,0.01,0.00,-0.33,0.00,0.43,0.00,0.10,108.00,0.10,0.01,-0.74,820.00,0.00,0.00,0.00,0.00,0.00,12.00,
1/7/2026,7:56:31 PM,2.00,0.01,0.00,-0.33,0.00,-0.11,0.00,0.10,110.46,0.10,0.01,-0.72,820.00,0.00,0.00,0.00,0.00,0.00,12.00,
1/7/2026,7:57:32 PM,2.00,0.01,0.00,-0.32,0.00,0.74,0.00,0.10,110.45,0.10,0.01,-0.77,820.00,0.00,0.00,0.00,0.00,0.00,12.00,
1/7/2026,7:58:34 PM,2.00,0.01,0.00,-0.32,0.00,0.72,0.00,0.10,112.99,0.10,0.01,-0.80,820.00,0.00,0.00,0.00,0.00,0.00,12.00,
1/7/2026,7:59:35 PM,2.00,0.01,0.00,-0.32,0.00,0.69,0.00,0.10,115.64,0.10,0.01,-0.80,820.00,0.00,0.00,0.00,0.00,0.00,12.00,
1/7/2026,8:00:36 PM,2.00,0.01,0.00,-0.32,0.00,0.13,0.00,0.10,103.18,0.10,0.01,-0.71,820.00,0.00,0.00,0.00,0.00,0.00,12.00,
1/7/2026,8:01:37 PM,2.00,0.01,0.00,-0.32,0.00,0.83,0.00,0.10,102.98,0.10,0.01,-0.78,820.00,0.00,0.00,0.00,0.00,0.00,12.00,
1/7/2026,8:02:39 PM,2.00,0.01,0.00,-0.32,0.00,0.38,0.00,0.10,105.45,0.10,0.01,-0.75,820.00,0.00,0.00,0.00,0.00,0.00,12.00,
1/7/2026,8:03:40 PM,2.00,0.01,0.00,-0.33,0.00,0.85,0.00,0.10,105.44,0.10,0.01,-0.85,820.00,0.00,0.01,0.00,0.00,0.00,12.00,
1/7/2026,8:04:42 PM,2.00,0.01,0.00,-0.32,0.00,0.32,0.00,0.10,105.55,0.10,0.01,-0.79,820.00,0.00,0.00,0.00,0.00,0.00,12.00,
1/7/2026,8:05:44 PM,2.00,0.01,0.00,-0.32,0.00,0.68,0.00,0.10,105.45,0.10,0.01,-0.77,820.00,0.00,0.00,0.00,0.00,0.00,12.00,
1/7/2026,8:06:45 PM,2.00,0.01,0.00,-0.33,0.00,0.80,0.00,0.10,105.45,0.10,0.01,-0.81,820.00,0.00,0.01,0.00,0.00,0.00,12.00,
1/7/2026,8:07:47 PM,2.00,0.01,0.00,-0.33,0.00,0.16,0.00,0.10,105.44,0.10,0.01,-0.73,820.00,0.00,0.00,0.00,0.00,0.00,12.00,
1/7/2026,8:08:49 PM,2.00,0.01,0.00,-0.32,0.00,-0.12,0.00,0.10,108.08,0.10,0.01,-0.72,820.00,0.00,0.00,0.00,0.00,0.00,12.00,
1/7/2026,8:09:50 PM,2.00,0.01,0.00,-0.32,0.00,0.25,0.00,0.10,107.91,0.10,0.01,-0.70,820.00,0.00,0.00,0.00,0.00,0.00,12.00,
1/7/2026,8:10:52 PM,2.00,0.01,0.00,-0.32,0.00,0.44,0.00,0.10,110.43,0.10,0.01,-0.75,820.00,0.00,0.00,0.00,0.00,0.00,12.00,
1/7/2026,8:11:54 PM,2.00,0.01,0.00,-0.32,0.00,0.11,0.00,0.10,108.04,0.10,0.01,-0.72,820.00,0.00,0.00,0.00,0.00,0.00,12.00,
1/7/2026,8:12:55 PM,2.00,0.01,0.00,-0.32,0.00,-0.10,0.00,0.10,107.97,0.10,0.01,-0.70,820.00,0.00,0.00,0.00,0.00,0.00,12.00,
1/7/2026,8:13:57 PM,2.00,0.01,0.00,-0.32,0.00,0.92,0.00,0.10,110.56,0.10,0.01,-0.79,820.00,0.00,0.01,0.00,0.00,0.00,12.00,
1/7/2026,8:14:59 PM,2.00,0.01,0.00,-0.33,0.00,0.68,0.00,0.10,110.47,0.10,0.01,-0.79,820.00,0.00,0.01,0.00,0.00,0.00,12.00,
1/7/2026,8:16:01 PM,2.00,0.01,0.00,-0.32,0.00,0.67,0.00,0.10,113.10,0.10,0.01,-0.74,820.00,0.00,0.00,0.00,0.00,0.00,12.00,
1/7/2026,8:17:02 PM,2.00,0.01,0.00,-0.33,0.00,-0.09,0.00,0.10,107.96,0.10,0.01,-0.68,820.00,0.00,0.00,0.00,0.00,0.00,12.00,
1/7/2026,8:18:04 PM,2.00,0.01,0.00,-0.32,0.00,-0.10,0.00,0.10,110.51,0.10,0.01,-0.67,820.00,0.00,0.00,0.00,0.00,0.00,12.00,
1/7/2026,8:19:06 PM,2.00,0.01,0.00,-0.32,0.00,0.56,0.00,0.10,112.86,0.10,0.01,-0.75,820.00,0.00,0.00,0.00,0.00,0.00,12.00,
1/7/2026,8:20:08 PM,2.00,0.01,0.00,-0.33,0.00,0.82,0.00,0.10,107.90,0.10,0.01,-0.75,820.00,0.00,0.00,0.00,0.00,0.00,12.00,
1/7/2026,8:21:10 PM,2.00,0.01,0.00,-0.32,0.00,-0.13,0.00,0.10,110.54,0.10,0.01,-0.70,820.00,0.00,0.00,0.00,0.00,0.00,12.00,
1/7/2026,8:22:12 PM,2.00,0.01,0.00,-0.32,0.00,-0.13,0.00,0.10,110.42,0.10,0.01,-0.69,820.00,0.00,0.00,0.00,0.00,0.00,12.00,
1/7/2026,8:23:14 PM,2.00,0.01,0.00,-0.32,0.00,-0.11,0.00,0.10,110.48,0.10,0.01,-0.71,820.00,0.00,0.00,0.00,0.00,0.00,12.00,
1/7/2026,8:24:16 PM,2.00,0.01,0.00,-0.32,0.00,-0.14,0.00,0.10,110.48,0.10,0.01,-0.66,820.00,0.00,0.00,0.00,0.00,0.00,12.00,
1/7/2026,8:25:18 PM,2.00,0.01,0.00,-0.32,0.00,-0.08,0.00,0.10,113.07,0.10,0.01,-0.72,820.00,0.00,0.00,0.00,0.00,0.00,12.00,
1/7/2026,8:26:20 PM,2.00,0.01,0.00,-0.32,0.00,0.59,0.00,0.10,115.59,0.10,0.01,-0.79,820.00,0.00,0.00,0.00,0.00,0.00,12.00,
1/7/2026,8:27:22 PM,2.00,0.01,0.00,-0.33,0.00,0.91,0.00,0.10,110.57,0.10,0.01,-0.80,820.00,0.00,0.01,0.00,0.00,0.00,12.00,
1/7/2026,8:28:24 PM,2.00,0.01,0.00,-0.32,0.00,0.27,0.00,0.10,110.59,0.10,0.01,-0.70,820.00,0.00,0.00,0.00,0.00,0.00,12.00,
1/7/2026,8:29:27 PM,2.00,0.01,0.00,-0.32,0.00,0.48,0.00,0.10,110.49,0.10,0.01,-0.74,820.00,0.00,0.00,0.00,0.00,0.00,12.00,
1/7/2026,8:30:29 PM,2.00,0.01,0.00,-0.31,0.00,0.19,0.00,0.10,108.02,0.10,0.01,-0.68,820.00,0.00,0.00,0.00,0.00,0.00,12.00,
1/7/2026,8:31:32 PM,2.00,0.01,0.00,-0.32,0.00,0.29,0.00,0.10,108.08,0.10,0.01,-0.77,820.00,0.00,0.00,0.00,0.00,0.00,12.00,
1/7/2026,8:32:35 PM,2.00,0.01,0.00,-0.32,0.00,0.64,0.00,0.10,107.93,0.10,0.01,-0.81,820.00,0.00,0.00,0.00,0.00,0.00,12.00,
1/7/2026,8:33:39 PM,2.00,0.01,0.00,-0.32,0.00,0.16,0.00,0.10,108.06,0.10,0.01,-0.73,820.00,0.00,0.00,0.00,0.00,0.00,12.00,
1/7/2026,8:34:43 PM,2.00,0.01,0.00,-0.32,0.00,0.99,0.00,0.10,110.62,0.10,0.01,-0.79,820.00,0.00,0.00,0.00,0.00,0.00,12.00,
1/7/2026,8:35:46 PM,2.00,0.01,0.00,-0.32,0.00,0.49,0.00,0.10,110.56,0.10,0.01,-0.76,820.00,0.00,0.00,0.00,0.00,0.00,12.00,
1/7/2026,8:36:51 PM,2.00,0.01,0.00,-0.33,0.00,0.43,0.00,0.10,110.60,0.10,0.01,-0.73,820.00,0.00,0.00,0.00,0.00,0.00,12.00,
1/7/2026,8:37:55 PM,2.00,0.01,0.00,-0.32,0.00,0.27,0.00,0.10,113.18,0.10,0.01,-0.73,820.00,0.00,0.00,0.00,0.00,0.00,12.00,
1/7/2026,8:39:00 PM,2.00,0.01,0.00,-0.32,0.00,-0.08,0.00,0.10,113.16,0.10,0.01,-0.73,820.00,0.00,0.00,0.00,0.00,0.00,12.00,
1/7/2026,8:40:05 PM,2.00,0.01,0.00,-0.32,0.00,0.01,0.00,0.10,118.48,0.10,0.01,-0.72,820.00,0.00,0.00,0.00,0.00,0.00,12.00,
1/7/2026,8:41:10 PM,2.00,0.01,0.00,-0.33,0.00,0.26,0.00,0.10,118.48,0.10,0.01,-0.73,820.00,0.00,0.00,0.00,0.00,0.00,12.00,
1/7/2026,8:42:14 PM,2.00,0.01,0.00,-0.32,0.00,0.53,0.00,0.10,113.11,0.10,0.01,-0.78,820.00,0.00,0.01,0.00,0.00,0.00,12.00,
1/7/2026,8:43:19 PM,2.00,0.01,0.00,-0.33,0.00,-0.04,0.00,0.10,115.82,0.10,0.01,-0.70,820.00,0.00,0.00,0.00,0.00,0.00,12.00,
1/7/2026,8:44:24 PM,2.00,0.01,0.00,-0.32,0.00,0.21,0.00,0.10,115.69,0.10,0.01,-0.71,820.00,0.00,0.00,0.00,0.00,0.00,12.00,
1/7/2026,8:45:29 PM,2.00,0.01,0.00,-0.32,0.00,-0.02,0.00,0.10,115.89,0.10,0.01,-0.67,820.00,0.00,0.00,0.00,0.00,0.00,12.00,
1/7/2026,8:46:34 PM,2.00,0.01,0.00,-0.32,0.00,0.28,0.00,0.10,115.75,0.10,0.01,-0.75,820.00,0.00,0.00,0.00,0.00,0.00,12.00,
1/7/2026,8:47:39 PM,2.00,0.01,0.00,-0.33,0.00,0.47,0.00,0.10,118.39,0.10,0.01,-0.82,820.00,0.00,0.01,0.00,0.00,0.00,12.00,
1/7/2026,8:48:44 PM,2.00,0.01,0.00,-0.33,0.00,0.91,0.00,0.10,118.33,0.10,0.01,-0.79,820.00,0.00,0.01,0.00,0.00,0.00,12.00,
1/7/2026,8:49:49 PM,2.00,0.01,0.00,-0.32,0.00,0.38,0.00,0.10,118.42,0.10,0.01,-0.76,820.00,0.00,0.00,0.00,0.00,0.00,12.00,
1/7/2026,8:50:54 PM,2.00,0.01,0.00,-0.33,0.00,-0.09,0.00,0.10,121.19,0.10,0.01,-0.68,820.00,0.00,0.00,0.00,0.00,0.00,12.00,
1/7/2026,8:51:58 PM,2.00,0.01,0.00,-0.33,0.00,0.21,0.00,0.10,121.14,0.10,0.01,-0.78,820.00,0.00,0.00,0.00,0.00,0.00,12.00,
1/7/2026,8:53:04 PM,2.00,0.01,0.00,-0.32,0.00,0.48,0.00,0.10,123.72,0.10,0.01,-0.75,820.00,0.00,0.00,0.00,0.00,0.00,12.00,
1/7/2026,8:54:08 PM,2.00,0.01,0.00,-0.33,0.00,-0.14,0.00,0.10,123.71,0.10,0.01,-0.72,820.00,0.00,0.00,0.00,0.00,0.00,12.00,
1/7/2026,8:55:14 PM,2.00,0.01,0.00,-0.32,0.00,0.20,0.00,0.10,123.79,0.10,0.01,-0.75,820.00,0.00,0.00,0.00,0.00,0.00,12.00,
1/7/2026,8:56:19 PM,2.00,0.01,0.00,-0.33,0.00,0.32,0.00,0.10,126.56,0.10,0.01,-0.73,820.00,0.00,0.00,0.00,0.00,0.00,12.00,
1/7/2026,8:57:24 PM,2.00,0.01,0.00,-0.33,0.00,0.99,0.00,0.10,126.54,0.10,0.01,-0.81,820.00,0.00,0.01,0.00,0.00,0.00,12.00,
1/7/2026,8:58:29 PM,2.00,0.01,0.00,-0.32,0.00,0.44,0.00,0.10,129.60,0.10,0.01,-0.78,820.00,0.00,0.00,0.00,0.00,0.00,12.00,
1/7/2026,8:59:34 PM,2.00,0.01,0.00,-0.33,0.00,-0.08,0.00,0.10,118.42,0.10,0.01,-0.70,820.00,0.00,0.00,0.00,0.00,0.00,12.00,
1/7/2026,9:00:39 PM,2.00,0.01,0.00,-0.32,0.00,0.39,0.00,0.10,121.01,0.10,0.01,-0.79,820.00,0.00,0.00,0.00,0.00,0.00,12.00,
1/7/2026,9:01:45 PM,2.00,0.01,0.00,-0.33,0.00,0.73,0.00,0.10,123.68,0.10,0.01,-0.82,820.00,0.00,0.01,0.00,0.00,0.00,12.00,
1/7/2026,9:02:50 PM,2.00,0.01,0.00,-0.33,0.00,0.91,0.00,0.10,126.65,0.10,0.01,-0.81,820.00,0.00,0.01,0.00,0.00,0.00,12.00,
1/7/2026,9:03:55 PM,2.00,0.01,0.00,-0.33,0.00,0.84,0.00,0.10,123.71,0.10,0.01,-0.77,820.00,0.00,0.00,0.00,0.00,0.00,12.00,
1/7/2026,9:05:02 PM,2.00,0.01,0.00,-0.33,0.00,0.19,0.00,0.10,121.14,0.10,0.01,-0.73,820.00,0.00,0.00,0.00,0.00,0.00,12.00,
1/7/2026,9:06:07 PM,2.00,0.01,0.00,-0.32,0.00,0.39,0.00,0.10,121.02,0.10,0.01,-0.74,820.00,0.00,0.00,0.00,0.00,0.00,12.00,
1/7/2026,9:07:13 PM,2.00,0.01,0.00,-0.32,0.00,0.21,0.00,0.10,121.21,0.10,0.01,-0.76,820.00,0.00,0.00,0.00,0.00,0.00,12.00,
1/7/2026,9:08:18 PM,2.00,0.01,0.00,-0.33,0.00,0.68,0.00,0.10,123.69,0.10,0.01,-0.82,820.00,0.00,0.01,0.00,0.00,0.00,12.00,
1/7/2026,9:09:26 PM,2.00,0.01,0.00,-0.32,0.00,0.33,0.00,0.10,123.70,0.10,0.01,-0.75,820.00,0.00,0.00,0.00,0.00,0.00,12.00,
1/7/2026,9:10:33 PM,2.00,0.01,0.00,-0.33,0.00,0.87,0.00,0.10,123.68,0.10,0.01,-0.83,820.00,0.00,0.01,0.00,0.00,0.00,12.00,
1/7/2026,9:11:43 PM,2.00,0.01,0.00,-0.32,0.00,0.61,0.00,0.10,123.71,0.10,0.01,-0.81,820.00,0.00,0.00,0.00,0.00,0.00,12.00,
1/7/2026,9:12:52 PM,2.00,0.01,0.00,-0.32,0.00,0.71,0.00,0.10,126.64,0.10,0.01,-0.79,820.00,0.00,0.01,0.00,0.00,0.00,12.00,
1/7/2026,9:14:04 PM,2.00,0.01,0.00,-0.33,0.00,0.74,0.00,0.10,129.49,0.10,0.01,-0.82,820.00,0.00,0.01,0.00,0.00,0.00,12.00,
1/7/2026,9:15:16 PM,2.00,0.01,0.00,-0.32,0.00,0.63,0.00,0.10,132.67,0.10,0.01,-0.79,820.00,0.00,0.00,0.00,0.00,0.00,12.00,
1/7/2026,9:16:28 PM,2.00,0.01,0.00,-0.34,0.00,0.99,0.00,0.10,126.63,0.10,0.01,-0.85,820.00,0.00,0.01,0.00,0.00,0.00,12.00,
1/7/2026,9:17:40 PM,2.00,0.01,0.00,-0.33,0.00,0.96,0.00,0.10,126.66,0.10,0.01,-0.83,820.00,0.00,0.01,0.00,0.00,0.00,12.00,
1/7/2026,9:18:54 PM,2.00,0.01,0.00,-0.32,0.00,0.04,0.00,0.10,129.54,0.10,0.01,-0.77,820.00,0.00,0.00,0.00,0.00,0.00,12.00,
1/7/2026,9:20:07 PM,2.00,0.01,0.00,-0.33,0.00,0.74,0.00,0.10,135.71,0.10,0.01,-0.80,820.00,0.00,0.00,0.00,0.00,0.00,12.00,
1/7/2026,9:21:21 PM,2.00,0.01,0.00,-0.33,0.00,-0.04,0.00,0.10,129.56,0.10,0.01,-0.70,820.00,0.00,0.00,0.00,0.00,0.00,12.00,
1/7/2026,9:22:36 PM,2.00,0.01,0.00,-0.31,0.00,0.82,0.00,0.10,132.68,0.10,0.01,-0.76,820.00,0.00,0.01,0.00,0.00,0.00,12.00,
1/7/2026,9:23:49 PM,2.00,0.01,0.00,-0.33,0.00,1.02,0.00,0.10,132.67,0.10,0.01,-0.82,820.00,0.00,0.01,0.00,0.00,0.00,12.00,
1/7/2026,9:25:02 PM,2.00,0.01,0.00,-0.32,0.00,-0.03,0.00,0.10,135.88,0.10,0.01,-0.75,820.00,0.00,0.00,0.00,0.00,0.00,12.00,
1/7/2026,9:26:16 PM,2.00,0.01,0.00,-0.33,0.00,0.16,0.00,0.10,138.99,0.10,0.01,-0.71,820.00,0.00,0.00,0.00,0.00,0.00,12.00,
1/7/2026,9:27:30 PM,2.00,0.01,0.00,-0.33,0.00,0.34,0.00,0.10,145.67,0.10,0.01,-0.74,820.00,0.00,0.00,0.00,0.00,0.00,12.00,
1/7/2026,9:28:45 PM,2.00,0.01,0.00,-0.33,0.00,1.03,0.00,0.10,156.24,0.10,0.01,-0.85,820.00,0.00,0.01,0.00,0.00,0.00,12.00,
1/7/2026,9:30:01 PM,2.00,0.01,0.00,-0.33,0.00,0.66,0.00,0.10,139.00,0.10,0.01,-0.78,820.00,0.00,0.00,0.00,0.00,0.00,12.00,
1/7/2026,9:31:16 PM,2.00,0.01,0.00,-0.32,0.00,0.14,0.00,0.10,142.39,0.10,0.01,-0.71,820.00,0.00,0.00,0.00,0.00,0.00,12.00,
1/7/2026,9:32:29 PM,2.00,0.01,0.00,-0.33,0.00,0.72,0.00,0.10,139.03,0.10,0.01,-0.86,820.00,0.00,0.01,0.00,0.00,0.00,12.00,
1/7/2026,9:33:44 PM,2.00,0.01,0.00,-0.32,0.00,0.60,0.00,0.10,149.07,0.10,0.01,-0.77,820.00,0.00,0.00,0.00,0.00,0.00,12.00,
1/7/2026,9:34:59 PM,2.00,0.01,0.00,-0.32,0.00,-0.06,0.00,0.10,145.72,0.10,0.01,-0.68,820.00,0.00,0.00,0.00,0.00,0.00,12.00,
1/7/2026,9:36:14 PM,2.00,0.01,0.00,-0.32,0.00,0.62,0.00,0.10,149.06,0.10,0.01,-0.78,820.00,0.00,0.00,0.00,0.00,0.00,12.00,
1/7/2026,9:37:32 PM,2.00,0.01,0.00,-0.32,0.00,-0.13,0.00,0.10,149.07,0.10,0.01,-0.70,820.00,0.00,0.00,0.00,0.00,0.00,12.00,
1/7/2026,9:38:50 PM,2.00,0.01,0.00,-0.33,0.00,0.86,0.00,0.10,152.59,0.10,0.01,-0.84,820.00,0.00,0.01,0.00,0.00,0.00,12.00,
1/7/2026,9:40:09 PM,2.00,0.01,0.00,-0.32,0.00,-0.01,0.00,0.10,160.18,0.10,0.01,-0.67,820.00,0.00,0.00,0.00,0.00,0.00,12.00,
1/7/2026,9:41:30 PM,2.00,0.01,0.00,-0.32,0.00,0.48,0.00,0.10,167.65,0.10,0.01,-0.76,820.00,0.00,0.00,0.00,0.00,0.00,12.00,
1/7/2026,9:42:50 PM,2.00,0.01,0.00,-0.33,0.00,0.04,0.00,0.10,149.21,0.10,0.01,-0.73,820.00,0.00,0.00,0.00,0.00,0.00,12.00,
1/7/2026,9:44:11 PM,2.00,0.01,0.00,-0.32,0.00,0.12,0.00,0.10,156.30,0.10,0.01,-0.73,820.00,0.00,0.00,0.00,0.00,0.00,12.00,
1/7/2026,9:45:33 PM,2.00,0.01,0.00,-0.32,0.00,0.58,0.00,0.10,159.98,0.10,0.01,-0.76,820.00,0.00,0.01,0.00,0.00,0.00,12.00,
1/7/2026,9:46:55 PM,2.00,0.01,0.00,-0.32,0.00,-0.06,0.00,0.10,171.46,0.10,0.01,-0.74,820.00,0.00,0.00,0.00,0.00,0.00,12.00,
1/7/2026,9:48:16 PM,2.00,0.01,0.00,-0.31,0.00,0.03,0.00,0.10,179.46,0.10,0.01,-0.67,820.00,0.00,0.00,0.00,0.00,0.00,12.00,
1/7/2026,9:49:39 PM,2.00,0.01,0.00,-0.32,0.00,0.86,0.00,0.10,145.76,0.10,0.01,-0.80,820.00,0.00,0.00,0.00,0.00,0.00,12.00,
1/7/2026,9:51:00 PM,2.00,0.01,0.00,-0.33,0.00,0.71,0.00,0.10,152.67,0.10,0.01,-0.83,820.00,0.00,0.01,0.00,0.00,0.00,12.00,
1/7/2026,9:52:22 PM,2.00,0.01,0.00,-0.33,0.00,-0.05,0.00,0.10,142.31,0.10,0.01,-0.68,820.00,0.00,0.00,0.00,0.00,0.00,12.00,
1/7/2026,9:53:41 PM,2.00,0.01,0.00,-0.33,0.00,0.16,0.00,0.10,145.68,0.10,0.01,-0.77,820.00,0.00,0.00,0.00,0.00,0.00,12.00,
1/7/2026,9:55:01 PM,2.00,0.01,0.00,-0.32,0.00,0.32,0.00,0.10,142.33,0.10,0.01,-0.75,820.00,0.00,0.00,0.00,0.00,0.00,12.00,
1/7/2026,9:56:19 PM,2.00,0.01,0.00,-0.33,0.00,0.20,0.00,0.10,145.74,0.10,0.01,-0.79,820.00,0.00,0.00,0.00,0.00,0.00,12.00,
1/7/2026,9:57:37 PM,2.00,0.01,0.00,-0.32,0.00,-0.11,0.00,0.10,145.79,0.10,0.01,-0.71,820.00,0.00,0.00,0.00,0.00,0.00,12.00,
1/7/2026,9:58:54 PM,2.00,0.01,0.00,-0.32,0.00,1.00,0.00,0.10,152.61,0.10,0.01,-0.81,820.00,0.00,0.01,0.00,0.00,0.00,12.00,
1/7/2026,10:00:11 PM,2.00,0.01,0.00,-0.32,0.00,0.34,0.00,0.10,129.51,0.10,0.01,-0.78,820.00,0.00,0.00,0.00,0.00,0.00,12.00,
1/7/2026,10:01:28 PM,2.00,0.01,0.00,-0.32,0.00,0.17,0.00,0.10,132.68,0.10,0.01,-0.70,820.00,0.00,0.00,0.00,0.00,0.00,12.00,
1/7/2026,10:02:46 PM,2.00,0.01,0.00,-0.33,0.00,-0.06,0.00,0.10,138.94,0.10,0.01,-0.67,820.00,0.00,0.00,0.00,0.00,0.00,12.00,
1/7/2026,10:04:01 PM,2.00,0.01,0.00,-0.32,0.00,0.48,0.00,0.10,118.35,0.10,0.01,-0.77,820.00,0.00,0.00,0.00,0.00,0.00,12.00,
1/7/2026,10:05:15 PM,2.00,0.01,0.00,-0.32,0.00,0.28,0.00,0.10,118.37,0.10,0.01,-0.73,820.00,0.00,0.00,0.00,0.00,0.00,12.00,
1/7/2026,10:06:30 PM,2.00,0.01,0.00,-0.32,0.00,-0.13,0.00,0.10,118.52,0.10,0.01,-0.68,820.00,0.00,0.00,0.00,0.00,0.00,12.00,
1/7/2026,10:07:48 PM,2.00,0.01,0.00,-0.33,0.00,0.71,0.00,0.10,121.15,0.10,0.01,-0.85,820.00,0.00,0.01,0.00,0.00,0.00,12.00,
1/7/2026,10:09:03 PM,2.00,0.01,0.00,-0.32,0.00,0.03,0.00,0.10,121.14,0.10,0.01,-0.75,820.00,0.00,0.00,0.00,0.00,0.00,12.00,
1/7/2026,10:10:19 PM,2.00,0.01,0.00,-0.33,0.00,0.97,0.00,0.10,121.12,0.10,0.01,-0.82,820.00,0.00,0.01,0.00,0.00,0.00,12.00,
1/7/2026,10:11:35 PM,2.00,0.01,0.00,-0.33,0.00,-0.14,0.00,0.10,123.71,0.10,0.01,-0.70,820.00,0.00,0.00,0.00,0.00,0.00,12.00,
1/7/2026,10:12:54 PM,2.00,0.01,0.00,-0.33,0.00,1.04,0.00,0.10,123.76,0.10,0.01,-0.82,820.00,0.00,0.01,0.00,0.00,0.00,12.00,
1/7/2026,10:14:10 PM,2.00,0.01,0.00,-0.32,0.00,0.80,0.00,0.10,126.58,0.10,0.01,-0.81,820.00,0.00,0.00,0.00,0.00,0.00,12.00,
1/7/2026,10:15:26 PM,2.00,0.01,0.00,-0.33,0.00,0.33,0.00,0.10,129.63,0.10,0.01,-0.79,820.00,0.00,0.00,0.00,0.00,0.00,12.00,
1/7/2026,10:16:44 PM,2.00,0.01,0.00,-0.33,0.00,0.56,0.00,0.10,132.66,0.10,0.01,-0.81,820.00,0.00,0.01,0.00,0.00,0.00,12.00,
1/7/2026,10:18:03 PM,2.00,0.01,0.00,-0.32,0.00,0.29,0.00,0.10,132.81,0.10,0.01,-0.72,820.00,0.00,0.00,0.00,0.00,0.00,12.00,
1/7/2026,10:19:21 PM,2.00,0.01,0.00,-0.33,0.00,-0.13,0.00,0.10,135.87,0.10,0.01,-0.72,820.00,0.00,0.00,0.00,0.00,0.00,12.00,
1/7/2026,10:20:38 PM,2.00,0.01,0.00,-0.32,0.00,0.45,0.00,0.10,139.05,0.10,0.01,-0.75,820.00,0.00,0.00,0.00,0.00,0.00,12.00,
1/7/2026,10:21:57 PM,2.00,0.01,0.00,-0.32,0.00,0.88,0.00,0.10,145.45,0.10,0.01,-0.79,820.00,0.00,0.01,0.00,0.00,0.00,12.00,
1/7/2026,10:23:16 PM,2.00,0.01,0.00,-0.32,0.00,0.00,0.00,0.10,132.68,0.10,0.01,-0.71,820.00,0.00,0.00,0.00,0.00,0.00,12.00,
1/7/2026,10:24:34 PM,2.00,0.01,0.00,-0.32,0.00,0.67,0.00,0.10,135.86,0.10,0.01,-0.79,820.00,0.00,0.00,0.00,0.00,0.00,12.00,
1/7/2026,10:25:53 PM,2.00,0.01,0.00,-0.32,0.00,-0.02,0.00,0.10,145.71,0.10,0.01,-0.73,820.00,0.00,0.00,0.00,0.00,0.00,12.00,
1/7/2026,10:27:10 PM,2.00,0.01,0.00,-0.32,0.00,0.03,0.00,0.10,142.32,0.10,0.01,-0.73,820.00,0.00,0.00,0.00,0.00,0.00,12.00,
1/7/2026,10:28:29 PM,2.00,0.01,0.00,-0.33,0.00,0.29,0.00,0.10,152.69,0.10,0.01,-0.74,820.00,0.00,0.00,0.00,0.00,0.00,12.00,
1/7/2026,10:29:48 PM,2.00,0.01,0.00,-0.32,0.00,-0.13,0.00,0.10,132.59,0.10,0.01,-0.68,820.00,0.00,0.00,0.00,0.00,0.00,12.00,
1/7/2026,10:31:07 PM,2.00,0.01,0.00,-0.31,0.00,0.09,0.00,0.10,126.54,0.10,0.01,-0.68,820.00,0.00,0.00,0.00,0.00,0.00,12.00,
1/7/2026,10:32:29 PM,2.00,0.01,0.00,-0.33,0.00,0.79,0.00,0.10,120.99,0.10,0.01,-0.80,820.00,0.00,0.00,0.00,0.00,0.00,12.00,
1/7/2026,10:33:46 PM,2.00,0.01,0.00,-0.33,0.00,0.42,0.00,0.10,126.71,0.10,0.01,-0.77,820.00,0.00,0.00,0.00,0.00,0.00,12.00,
1/7/2026,10:35:04 PM,2.00,0.01,0.00,-0.31,0.00,-0.14,0.00,0.10,123.61,0.10,0.01,-0.70,820.00,0.00,0.00,0.00,0.00,0.00,12.00,
1/7/2026,10:36:25 PM,2.00,0.01,0.00,-0.33,0.00,-0.14,0.00,0.10,126.54,0.10,0.01,-0.72,820.00,0.00,0.00,0.00,0.00,0.00,12.00,
1/7/2026,10:37:45 PM,2.00,0.01,0.00,-0.32,0.00,0.73,0.00,0.10,126.51,0.10,0.01,-0.80,820.00,0.00,0.00,0.00,0.00,0.00,12.00,
1/7/2026,10:39:05 PM,2.00,0.01,0.00,-0.33,0.00,0.78,0.00,0.10,129.63,0.10,0.01,-0.85,820.00,0.00,0.01,0.00,0.00,0.00,12.00,
1/7/2026,10:40:25 PM,2.00,0.01,0.00,-0.32,0.00,0.92,0.00,0.10,132.53,0.10,0.01,-0.81,820.00,0.00,0.01,0.00,0.00,0.00,12.00,
1/7/2026,10:41:47 PM,2.00,0.01,0.00,-0.32,0.00,-0.00,0.00,0.10,135.79,0.10,0.01,-0.67,820.00,0.00,0.00,0.00,0.00,0.00,12.00,
1/7/2026,10:43:10 PM,2.00,0.01,0.00,-0.32,0.00,0.30,0.00,0.10,138.94,0.10,0.01,-0.79,820.00,0.00,0.00,0.00,0.00,0.00,12.00,
1/7/2026,10:44:33 PM,2.00,0.01,0.00,-0.33,0.00,0.19,0.00,0.10,145.68,0.10,0.01,-0.74,820.00,0.00,0.00,0.00,0.00,0.00,12.00,
1/7/2026,10:45:55 PM,2.00,0.01,0.00,-0.33,0.00,0.09,0.00,0.10,138.92,0.10,0.01,-0.79,820.00,0.00,0.00,0.00,0.00,0.00,12.00,
1/7/2026,10:47:19 PM,2.00,0.01,0.00,-0.32,0.00,0.42,0.00,0.10,121.05,0.10,0.01,-0.73,820.00,0.00,0.01,0.00,0.00,0.00,12.00,
1/7/2026,10:48:44 PM,2.00,0.01,0.00,-0.32,0.00,0.41,0.00,0.10,121.14,0.10,0.01,-0.77,820.00,0.00,0.00,0.00,0.00,0.00,12.00,
1/7/2026,10:50:07 PM,2.00,0.01,0.00,-0.33,0.00,0.13,0.00,0.10,123.62,0.10,0.01,-0.72,820.00,0.00,0.00,0.00,0.00,0.00,12.00,
1/7/2026,10:51:34 PM,2.00,0.01,0.00,-0.32,0.00,0.15,0.00,0.10,126.58,0.10,0.01,-0.70,820.00,0.00,0.00,0.00,0.00,0.00,12.00,
1/7/2026,10:53:00 PM,2.00,0.01,0.00,-0.32,0.00,-0.06,0.00,0.10,115.60,0.10,0.01,-0.72,820.00,0.00,0.00,0.00,0.00,0.00,12.00,
1/7/2026,10:54:28 PM,2.00,0.01,0.00,-0.32,0.00,0.80,0.00,0.10,115.70,0.10,0.01,-0.81,820.00,0.00,0.01,0.00,0.00,0.00,12.00,
1/7/2026,10:55:55 PM,2.00,0.01,0.00,-0.32,0.00,0.47,0.00,0.10,115.71,0.10,0.01,-0.76,820.00,0.00,0.00,0.00,0.00,0.00,12.00,
1/7/2026,10:57:24 PM,2.00,0.01,0.00,-0.33,0.00,0.30,0.00,0.10,118.34,0.10,0.01,-0.74,820.00,0.00,0.00,0.00,0.00,0.00,12.00,
1/7/2026,10:58:50 PM,2.00,0.01,0.00,-0.32,0.00,0.20,0.00,0.10,118.38,0.10,0.01,-0.75,820.00,0.00,0.00,0.00,0.00,0.00,12.00,
1/7/2026,11:00:19 PM,2.00,0.01,0.00,-0.33,0.00,0.09,0.00,0.10,118.32,0.10,0.01,-0.74,820.00,0.00,0.00,0.00,0.00,0.00,12.00,
1/7/2026,11:01:47 PM,2.00,0.01,0.00,-0.33,0.00,0.47,0.00,0.10,123.76,0.10,0.01,-0.78,820.00,0.00,0.01,0.00,0.00,0.00,12.00,
1/7/2026,11:03:17 PM,2.00,0.01,0.00,-0.31,0.00,0.06,0.00,0.10,121.24,0.10,0.01,-0.71,820.00,0.00,0.00,0.00,0.00,0.00,12.00,
1/7/2026,11:04:45 PM,2.00,0.01,0.00,-0.33,0.00,0.71,0.00,0.10,121.10,0.10,0.01,-0.80,820.00,0.00,0.01,0.00,0.00,0.00,12.00,
1/7/2026,11:06:14 PM,2.00,0.01,0.00,-0.33,0.00,0.74,0.00,0.10,121.19,0.10,0.01,-0.79,820.00,0.00,0.00,0.00,0.00,0.00,12.00,
1/7/2026,11:07:45 PM,2.00,0.01,0.00,-0.32,0.00,-0.12,0.00,0.10,123.80,0.10,0.01,-0.73,820.00,0.00,0.00,0.00,0.00,0.00,12.00,
1/7/2026,11:09:16 PM,2.00,0.01,0.00,-0.33,0.00,0.62,0.00,0.10,121.15,0.10,0.01,-0.77,820.00,0.00,0.01,0.00,0.00,0.00,12.00,
1/7/2026,11:10:46 PM,2.00,0.01,0.00,-0.32,0.00,0.74,0.00,0.10,121.06,0.10,0.01,-0.82,820.00,0.00,0.00,0.00,0.00,0.00,12.00,
1/7/2026,11:12:16 PM,2.00,0.01,0.00,-0.32,0.00,0.26,0.00,0.10,123.76,0.10,0.01,-0.76,820.00,0.00,0.00,0.00,0.00,0.00,12.00,
1/7/2026,11:13:48 PM,2.00,0.01,0.00,-0.33,0.00,0.21,0.00,0.10,123.78,0.10,0.01,-0.73,820.00,0.00,0.00,0.00,0.00,0.00,12.00,
1/7/2026,11:15:19 PM,2.00,0.01,0.00,-0.31,0.00,0.05,0.00,0.10,123.61,0.10,0.01,-0.69,820.00,0.00,0.00,0.00,0.00,0.00,12.00,
1/7/2026,11:16:51 PM,2.00,0.01,0.00,-0.33,0.00,0.20,0.00,0.10,126.51,0.10,0.01,-0.75,820.00,0.00,0.00,0.00,0.00,0.00,12.00,
1/7/2026,11:18:24 PM,2.00,0.01,0.00,-0.32,0.00,-0.11,0.00,0.10,126.53,0.10,0.01,-0.72,820.00,0.00,0.00,0.00,0.00,0.00,12.00,
1/7/2026,11:19:55 PM,2.00,0.01,0.00,-0.32,0.00,-0.07,0.00,0.10,126.55,0.10,0.01,-0.74,820.00,0.00,0.00,0.00,0.00,0.00,12.00,
1/7/2026,11:21:27 PM,2.00,0.01,0.00,-0.32,0.00,0.75,0.00,0.10,129.76,0.10,0.01,-0.82,820.00,0.00,0.00,0.00,0.00,0.00,12.00,
1/7/2026,11:23:01 PM,2.00,0.01,0.00,-0.33,0.00,0.55,0.00,0.10,132.58,0.10,0.01,-0.78,820.00,0.00,0.00,0.00,0.00,0.00,12.00,
1/7/2026,11:24:33 PM,2.00,0.01,0.00,-0.32,0.00,0.76,0.00,0.10,121.19,0.10,0.01,-0.79,820.00,0.00,0.00,0.00,0.00,0.00,12.00,
1/7/2026,11:26:05 PM,2.00,0.01,0.00,-0.32,0.00,0.00,0.00,0.10,121.22,0.10,0.01,-0.72,820.00,0.00,0.00,0.00,0.00,0.00,12.00,
1/7/2026,11:27:40 PM,2.00,0.01,0.00,-0.33,0.00,0.48,0.00,0.10,123.89,0.10,0.01,-0.77,820.00,0.00,0.00,0.00,0.00,0.00,12.00,
1/7/2026,11:29:15 PM,2.00,0.01,0.00,-0.32,0.00,0.63,0.00,0.10,123.63,0.10,0.01,-0.82,820.00,0.00,0.00,0.00,0.00,0.00,12.00,
1/7/2026,11:30:50 PM,2.00,0.01,0.00,-0.33,0.00,0.98,0.00,0.10,123.66,0.10,0.01,-0.83,820.00,0.00,0.01,0.00,0.00,0.00,12.00,
1/7/2026,11:32:26 PM,2.00,0.01,0.00,-0.33,0.00,-0.06,0.00,0.10,123.72,0.10,0.01,-0.73,820.00,0.00,0.00,0.00,0.00,0.00,12.00,
1/7/2026,11:34:02 PM,2.00,0.01,0.00,-0.33,0.00,0.27,0.00,0.10,121.12,0.10,0.01,-0.77,820.00,0.00,0.00,0.00,0.00,0.00,12.00,
1/7/2026,11:35:39 PM,2.00,0.01,0.00,-0.32,0.00,0.50,0.00,0.10,123.70,0.10,0.01,-0.75,820.00,0.00,0.00,0.00,0.00,0.00,12.00,
1/7/2026,11:37:14 PM,2.00,0.01,0.00,-0.33,0.00,0.54,0.00,0.10,126.64,0.10,0.01,-0.79,820.00,0.00,0.01,0.00,0.00,0.00,12.00,
1/7/2026,11:38:49 PM,2.00,0.01,0.00,-0.33,0.00,1.01,0.00,0.10,126.63,0.10,0.01,-0.85,820.00,0.00,0.01,0.00,0.00,0.00,12.00,
1/7/2026,11:40:24 PM,2.00,0.01,0.00,-0.33,0.00,0.99,0.00,0.10,126.53,0.10,0.01,-0.84,820.00,0.00,0.01,0.00,0.00,0.00,12.00,
1/7/2026,11:42:01 PM,2.00,0.01,0.00,-0.34,0.00,0.97,0.00,0.10,123.73,0.10,0.01,-0.89,820.00,0.00,0.01,0.00,0.00,0.00,12.00,
1/7/2026,11:43:33 PM,2.00,0.01,0.00,-0.33,0.00,0.10,0.00,0.10,123.64,0.10,0.01,-0.73,820.00,0.00,0.00,0.00,0.00,0.00,12.00,
1/7/2026,11:45:12 PM,2.00,0.01,0.00,-0.33,0.00,-0.12,0.00,0.10,126.53,0.10,0.01,-0.78,820.00,0.00,0.00,0.00,0.00,0.00,12.00,
1/7/2026,11:46:50 PM,2.00,0.01,0.00,-0.32,0.00,0.85,0.00,0.10,126.62,0.10,0.01,-0.86,820.00,0.00,0.01,0.00,0.00,0.00,12.00,
1/7/2026,11:48:25 PM,2.00,0.01,0.00,-0.32,0.00,0.20,0.00,0.10,126.59,0.10,0.01,-0.71,820.00,0.00,0.00,0.00,0.00,0.00,12.00,
1/7/2026,11:49:59 PM,2.00,0.01,0.00,-0.33,0.00,0.18,0.00,0.10,129.70,0.10,0.01,-0.76,820.00,0.00,0.00,0.00,0.00,0.00,12.00,
1/7/2026,11:51:36 PM,2.00,0.01,0.00,-0.33,0.00,0.87,0.00,0.10,129.65,0.10,0.01,-0.79,820.00,0.00,0.01,0.00,0.00,0.00,12.00,
1/7/2026,11:53:17 PM,2.00,0.01,0.00,-0.33,0.00,0.74,0.00,0.10,132.51,0.10,0.01,-0.83,820.00,0.00,0.01,0.00,0.00,0.00,12.00,
1/7/2026,11:54:57 PM,2.00,0.01,0.00,-0.33,0.00,-0.08,0.00,0.10,132.55,0.10,0.01,-0.73,820.00,0.00,0.00,0.00,0.00,0.00,12.00,
1/7/2026,11:56:33 PM,2.00,0.01,0.00,-0.32,0.00,-0.05,0.00,0.10,126.45,0.10,0.01,-0.74,820.00,0.00,0.00,0.00,0.00,0.00,12.00,
1/7/2026,11:58:12 PM,2.00,0.01,0.00,-0.32,0.00,0.64,0.00,0.10,129.48,0.10,0.01,-0.75,820.00,0.00,0.00,0.00,0.00,0.00,12.00,
1/7/2026,11:59:52 PM,2.00,0.01,0.00,-0.33,0.00,0.28,0.00,0.10,129.56,0.10,0.01,-0.76,820.00,0.00,0.00,0.00,0.00,0.00,12.00,
1/8/2026,12:01:29 AM,2.00,0.01,0.00,-0.32,0.00,0.68,0.00,0.10,129.60,0.10,0.01,-0.84,820.00,0.00,0.01,0.00,0.00,0.00,12.00,
1/8/2026,12:03:07 AM,2.00,0.01,0.00,-0.33,0.00,1.03,0.00,0.10,132.61,0.10,0.01,-0.82,820.00,0.00,0.01,0.00,0.00,0.00,12.00,
1/8/2026,12:04:49 AM,2.00,0.01,0.00,-0.32,0.00,-0.08,0.00,0.10,132.59,0.10,0.01,-0.72,820.00,0.00,0.00,0.00,0.00,0.00,12.00,
1/8/2026,12:06:27 AM,2.00,0.01,0.00,-0.32,0.00,0.60,0.00,0.10,135.77,0.10,0.01,-0.81,820.00,0.00,0.01,0.00,0.00,0.00,12.00,
1/8/2026,12:08:07 AM,2.00,0.01,0.00,-0.31,0.00,0.06,0.00,0.10,135.65,0.10,0.01,-0.74,820.00,0.00,0.00,0.00,0.00,0.00,12.00,
1/8/2026,12:09:48 AM,2.00,0.01,0.00,-0.33,0.00,0.56,0.00,0.10,138.92,0.10,0.01,-0.83,820.00,0.00,0.01,0.00,0.00,0.00,12.00,
1/8/2026,12:11:27 AM,2.00,0.01,0.00,-0.32,0.00,0.16,0.00,0.10,129.50,0.10,0.01,-0.79,820.00,0.00,0.00,0.00,0.00,0.00,12.00,
1/8/2026,12:13:09 AM,2.00,0.01,0.00,-0.32,0.00,-0.05,0.00,0.10,132.46,0.10,0.01,-0.72,820.00,0.00,0.00,0.00,0.00,0.00,12.00,
1/8/2026,12:14:52 AM,2.00,0.01,0.00,-0.33,0.00,0.69,0.00,0.10,132.44,0.10,0.01,-0.83,820.00,0.00,0.00,0.00,0.00,0.00,12.00,
1/8/2026,12:16:34 AM,2.00,0.01,0.00,-0.33,0.00,0.12,0.00,0.10,135.62,0.10,0.01,-0.72,820.00,0.00,0.00,0.00,0.00,0.00,12.00,
1/8/2026,12:18:15 AM,2.00,0.01,0.00,-0.32,0.00,0.57,0.00,0.10,142.23,0.10,0.01,-0.79,820.00,0.00,0.01,0.00,0.00,0.00,12.00,
1/8/2026,12:19:57 AM,2.00,0.01,0.00,-0.32,0.00,0.08,0.00,0.10,121.00,0.10,0.01,-0.74,820.00,0.00,0.00,0.00,0.00,0.00,12.00,
1/8/2026,12:21:38 AM,2.00,0.01,0.00,-0.33,0.00,0.94,0.00,0.10,118.33,0.10,0.01,-0.90,820.00,0.00,0.01,0.00,0.00,0.00,12.00,
1/8/2026,12:23:19 AM,2.00,0.01,0.00,-0.33,0.00,0.10,0.00,0.10,118.37,0.10,0.01,-0.76,820.00,0.00,0.00,0.00,0.00,0.00,12.00,
1/8/2026,12:24:56 AM,2.00,0.01,0.00,-0.32,0.00,0.12,0.00,0.10,121.10,0.10,0.01,-0.69,820.00,0.00,0.00,0.00,0.00,0.00,12.00,
1/8/2026,12:26:36 AM,2.00,0.01,0.00,-0.33,0.00,0.63,0.00,0.10,121.21,0.10,0.01,-0.80,820.00,0.00,0.01,0.00,0.00,0.00,12.00,
1/8/2026,12:28:17 AM,2.00,0.01,0.00,-0.32,0.00,0.40,0.00,0.10,123.62,0.10,0.01,-0.78,820.00,0.00,0.01,0.00,0.00,0.00,12.00,
1/8/2026,12:29:58 AM,2.00,0.01,0.00,-0.33,0.00,0.28,0.00,0.10,121.11,0.10,0.01,-0.79,820.00,0.00,0.00,0.00,0.00,0.00,12.00,
1/8/2026,12:31:38 AM,2.00,0.01,0.00,-0.32,0.00,0.00,0.00,0.10,121.03,0.10,0.01,-0.66,820.00,0.00,0.00,0.00,0.00,0.00,12.00,
1/8/2026,12:33:20 AM,2.00,0.01,0.00,-0.32,0.00,0.80,0.00,0.10,123.59,0.10,0.01,-0.76,820.00,0.00,0.00,0.00,0.00,0.00,12.00,
1/8/2026,12:34:57 AM,2.00,0.01,0.00,-0.32,0.00,0.75,0.00,0.10,123.68,0.10,0.01,-0.76,820.00,0.00,0.00,0.00,0.00,0.00,12.00,
1/8/2026,12:36:35 AM,2.00,0.01,0.00,-0.33,0.00,0.74,0.00,0.10,126.54,0.10,0.01,-0.81,820.00,0.00,0.00,0.00,0.00,0.00,12.00,
1/8/2026,12:38:10 AM,2.00,0.01,0.00,-0.32,0.00,-0.10,0.00,0.10,118.26,0.10,0.01,-0.70,820.00,0.00,0.00,0.00,0.00,0.00,12.00,
1/8/2026,12:39:46 AM,2.00,0.01,0.00,-0.32,0.00,0.34,0.00,0.10,121.02,0.10,0.01,-0.74,820.00,0.00,0.00,0.00,0.00,0.00,12.00,
1/8/2026,12:41:23 AM,2.00,0.01,0.00,-0.33,0.00,-0.08,0.00,0.10,118.30,0.10,0.01,-0.68,820.00,0.00,0.00,0.00,0.00,0.00,12.00,
1/8/2026,12:42:58 AM,2.00,0.01,0.00,-0.33,0.00,0.13,0.00,0.10,118.37,0.10,0.01,-0.74,820.00,0.00,0.00,0.00,0.00,0.00,12.00,
1/8/2026,12:44:34 AM,2.00,0.01,0.00,-0.32,0.00,1.01,0.00,0.10,118.32,0.10,0.01,-0.81,820.00,0.00,0.00,0.00,0.00,0.00,12.00,
1/8/2026,12:46:07 AM,2.00,0.01,0.00,-0.32,0.00,0.31,0.00,0.10,118.37,0.10,0.01,-0.80,820.00,0.00,0.00,0.00,0.00,0.00,12.00,
1/8/2026,12:47:41 AM,2.00,0.01,0.00,-0.32,0.00,1.01,0.00,0.10,121.14,0.10,0.01,-0.78,820.00,0.00,0.01,0.00,0.00,0.00,12.00,
1/8/2026,12:49:16 AM,2.00,0.01,0.00,-0.33,0.00,0.00,0.00,0.10,121.02,0.10,0.01,-0.76,820.00,0.00,0.00,0.00,0.00,0.00,12.00,
1/8/2026,12:50:50 AM,2.00,0.01,0.00,-0.32,0.00,0.35,0.00,0.10,123.59,0.10,0.01,-0.72,820.00,0.00,0.00,0.00,0.00,0.00,12.00,
1/8/2026,12:52:22 AM,2.00,0.01,0.00,-0.32,0.00,0.28,0.00,0.10,123.78,0.10,0.01,-0.73,820.00,0.00,0.00,0.00,0.00,0.00,12.00,
1/8/2026,12:53:55 AM,2.00,0.01,0.00,-0.32,0.00,-0.13,0.00,0.10,123.75,0.10,0.01,-0.74,820.00,0.00,0.00,0.00,0.00,0.00,12.00,
1/8/2026,12:55:27 AM,2.00,0.01,0.00,-0.33,0.00,0.96,0.00,0.10,123.64,0.10,0.01,-0.82,820.00,0.00,0.01,0.00,0.00,0.00,12.00,
1/8/2026,12:57:01 AM,2.00,0.01,0.00,-0.31,0.00,0.49,0.00,0.10,126.46,0.10,0.01,-0.76,820.00,0.00,0.00,0.00,0.00,0.00,12.00,
1/8/2026,12:58:33 AM,2.00,0.01,0.00,-0.32,0.00,0.43,0.00,0.10,126.56,0.10,0.01,-0.74,820.00,0.00,0.01,0.00,0.00,0.00,12.00,
1/8/2026,1:00:06 AM,2.00,0.01,0.00,-0.33,0.00,0.56,0.00,0.10,120.99,0.10,0.01,-0.84,820.00,0.00,0.00,0.00,0.00,0.00,12.00,
1/8/2026,1:01:39 AM,2.00,0.01,0.00,-0.33,0.00,0.84,0.00,0.10,121.10,0.10,0.01,-0.80,820.00,0.00,0.01,0.00,0.00,0.00,12.00,
1/8/2026,1:03:10 AM,2.00,0.01,0.00,-0.32,0.00,0.41,0.00,0.10,123.72,0.10,0.01,-0.79,820.00,0.00,0.00,0.00,0.00,0.00,12.00,
1/8/2026,1:04:40 AM,2.00,0.01,0.00,-0.32,0.00,0.23,0.00,0.10,123.70,0.10,0.01,-0.72,820.00,0.00,0.00,0.00,0.00,0.00,12.00,
1/8/2026,1:06:13 AM,2.00,0.01,0.00,-0.32,0.00,0.71,0.00,0.10,126.68,0.10,0.01,-0.81,820.00,0.00,0.00,0.00,0.00,0.00,12.00,
1/8/2026,1:07:44 AM,2.00,0.01,0.00,-0.32,0.00,-0.14,0.00,0.10,126.58,0.10,0.01,-0.69,820.00,0.00,0.00,0.00,0.00,0.00,12.00,
1/8/2026,1:09:18 AM,2.00,0.01,0.00,-0.33,0.00,0.23,0.00,0.10,129.50,0.10,0.01,-0.77,820.00,0.00,0.00,0.00,0.00,0.00,12.00,
1/8/2026,1:10:49 AM,2.00,0.01,0.00,-0.32,0.00,0.11,0.00,0.10,110.50,0.10,0.01,-0.78,820.00,0.00,0.00,0.00,0.00,0.00,12.00,
1/8/2026,1:12:23 AM,2.00,0.01,0.00,-0.32,0.00,0.46,0.00,0.10,110.53,0.10,0.01,-0.79,820.00,0.00,0.00,0.00,0.00,0.00,12.00,
1/8/2026,1:13:56 AM,2.00,0.01,0.00,-0.33,0.00,1.01,0.00,0.10,110.55,0.10,0.01,-0.84,820.00,0.00,0.01,0.00,0.00,0.00,12.00,
1/8/2026,1:15:27 AM,2.00,0.01,0.00,-0.32,0.00,0.03,0.00,0.10,110.54,0.10,0.01,-0.71,820.00,0.00,0.00,0.00,0.00,0.00,12.00,
1/8/2026,1:16:58 AM,2.00,0.01,0.00,-0.32,0.00,-0.05,0.00,0.10,112.92,0.10,0.01,-0.70,820.00,0.00,0.00,0.00,0.00,0.00,12.00,
1/8/2026,1:18:32 AM,2.00,0.01,0.00,-0.32,0.00,0.40,0.00,0.10,113.06,0.10,0.01,-0.79,820.00,0.00,0.00,0.00,0.00,0.00,12.00,
1/8/2026,1:20:04 AM,2.00,0.01,0.00,-0.32,0.00,-0.13,0.00,0.10,110.57,0.10,0.01,-0.71,820.00,0.00,0.01,0.00,0.00,0.00,12.00,
1/8/2026,1:21:36 AM,2.00,0.01,0.00,-0.33,0.00,0.34,0.00,0.10,110.54,0.10,0.01,-0.77,820.00,0.00,0.01,0.00,0.00,0.00,12.00,
1/8/2026,1:23:08 AM,2.00,0.01,0.00,-0.32,0.00,0.63,0.00,0.10,113.04,0.10,0.01,-0.77,820.00,0.00,0.00,0.00,0.00,0.00,12.00,
1/8/2026,1:24:44 AM,2.00,0.01,0.00,-0.32,0.00,0.01,0.00,0.10,113.05,0.10,0.01,-0.70,820.00,0.00,0.00,0.00,0.00,0.00,12.00,
1/8/2026,1:26:18 AM,2.00,0.01,0.00,-0.32,0.00,-0.07,0.00,0.10,115.52,0.10,0.01,-0.71,820.00,0.00,0.00,0.00,0.00,0.00,12.00,
1/8/2026,1:27:52 AM,2.00,0.01,0.00,-0.33,0.00,0.96,0.00,0.10,118.15,0.10,0.01,-0.82,820.00,0.00,0.01,0.00,0.00,0.00,12.00,
1/8/2026,1:29:26 AM,2.00,0.01,0.00,-0.33,0.00,0.79,0.00,0.10,113.06,0.10,0.01,-0.79,820.00,0.00,0.01,0.00,0.00,0.00,12.00,
1/8/2026,1:31:00 AM,2.00,0.01,0.00,-0.32,0.00,0.82,0.00,0.10,115.71,0.10,0.01,-0.82,820.00,0.00,0.01,0.00,0.00,0.00,12.00,
1/8/2026,1:32:33 AM,2.00,0.01,0.00,-0.31,0.00,0.01,0.00,0.10,115.62,0.10,0.01,-0.69,820.00,0.00,0.00,0.00,0.00,0.00,12.00,
1/8/2026,1:34:08 AM,2.00,0.01,0.00,-0.32,0.00,0.80,0.00,0.10,113.06,0.10,0.01,-0.79,820.00,0.00,0.01,0.00,0.00,0.00,12.00,
1/8/2026,1:35:42 AM,2.00,0.01,0.00,-0.33,0.00,0.66,0.00,0.10,108.04,0.10,0.01,-0.81,820.00,0.00,0.01,0.00,0.00,0.00,12.00,
1/8/2026,1:37:17 AM,2.00,0.01,0.00,-0.32,0.00,0.18,0.00,0.10,108.04,0.10,0.01,-0.74,820.00,0.00,0.00,0.00,0.00,0.00,12.00,
1/8/2026,1:38:51 AM,2.00,0.01,0.00,-0.33,0.00,0.01,0.00,0.10,110.42,0.10,0.01,-0.73,820.00,0.00,0.00,0.00,0.00,0.00,12.00,
1/8/2026,1:40:28 AM,2.00,0.01,0.00,-0.33,0.00,0.98,0.00,0.10,110.42,0.10,0.01,-0.82,820.00,0.00,0.01,0.00,0.00,0.00,12.00,
1/8/2026,1:42:02 AM,2.00,0.01,0.00,-0.32,0.00,-0.01,0.00,0.10,110.54,0.10,0.01,-0.66,820.00,0.00,0.00,0.00,0.00,0.00,12.00,
1/8/2026,1:43:37 AM,2.00,0.01,0.00,-0.33,0.00,0.92,0.00,0.10,110.50,0.10,0.01,-0.82,820.00,0.00,0.01,0.00,0.00,0.00,12.00,
1/8/2026,1:45:13 AM,2.00,0.01,0.00,-0.31,0.00,0.12,0.00,0.10,113.04,0.10,0.01,-0.67,820.00,0.00,0.00,0.00,0.00,0.00,12.00,
1/8/2026,1:46:47 AM,2.00,0.01,0.00,-0.33,0.00,0.20,0.00,0.10,110.49,0.10,0.01,-0.80,820.00,0.00,0.00,0.00,0.00,0.00,12.00,
1/8/2026,1:48:22 AM,2.00,0.01,0.00,-0.32,0.00,-0.14,0.00,0.10,108.05,0.10,0.01,-0.70,820.00,0.00,0.00,0.00,0.00,0.00,12.00,
1/8/2026,1:49:58 AM,2.00,0.01,0.00,-0.33,0.00,-0.11,0.00,0.10,105.47,0.10,0.01,-0.73,820.00,0.00,0.00,0.00,0.00,0.00,12.00,
1/8/2026,1:51:34 AM,2.00,0.01,0.00,-0.32,0.00,-0.10,0.00,0.10,105.58,0.10,0.01,-0.73,820.00,0.00,0.00,0.00,0.00,0.00,12.00,
1/8/2026,1:53:09 AM,2.00,0.01,0.00,-0.32,0.00,-0.11,0.00,0.10,105.54,0.10,0.01,-0.75,820.00,0.00,0.00,0.00,0.00,0.00,12.00,
1/8/2026,1:54:47 AM,2.00,0.01,0.00,-0.32,0.00,0.38,0.00,0.10,108.05,0.10,0.01,-0.75,820.00,0.00,0.01,0.00,0.00,0.00,12.00,
1/8/2026,1:56:26 AM,2.00,0.01,0.00,-0.32,0.00,-0.10,0.00,0.10,107.90,0.10,0.01,-0.69,820.00,0.00,0.00,0.00,0.00,0.00,12.00,
1/8/2026,1:58:01 AM,2.00,0.01,0.00,-0.32,0.00,0.19,0.00,0.10,107.91,0.10,0.01,-0.76,820.00,0.00,0.00,0.00,0.00,0.00,12.00,
1/8/2026,1:59:37 AM,2.00,0.01,0.00,-0.33,0.00,-0.09,0.00,0.10,107.96,0.10,0.01,-0.74,820.00,0.00,0.00,0.00,0.00,0.00,12.00,
1/8/2026,2:01:15 AM,2.00,0.01,0.00,-0.33,0.00,0.06,0.00,0.10,107.97,0.10,0.01,-0.78,820.00,0.00,0.00,0.00,0.00,0.00,12.00,
1/8/2026,2:02:51 AM,2.00,0.01,0.00,-0.32,0.00,-0.01,0.00,0.10,107.97,0.10,0.01,-0.72,820.00,0.00,0.00,0.00,0.00,0.00,12.00,
1/8/2026,2:04:28 AM,2.00,0.01,0.00,-0.32,0.00,-0.14,0.00,0.10,107.98,0.10,0.01,-0.67,820.00,0.00,0.00,0.00,0.00,0.00,12.00,
1/8/2026,2:06:08 AM,2.00,0.01,0.00,-0.33,0.00,0.94,0.00,0.10,110.43,0.10,0.01,-0.84,820.00,0.00,0.01,0.00,0.00,0.00,12.00,
1/8/2026,2:07:48 AM,2.00,0.01,0.00,-0.32,0.00,1.02,0.00,0.10,110.46,0.10,0.01,-0.80,820.00,0.00,0.01,0.00,0.00,0.00,12.00,
1/8/2026,2:09:30 AM,2.00,0.01,0.00,-0.32,0.00,0.04,0.00,0.10,110.45,0.10,0.01,-0.74,820.00,0.00,0.00,0.00,0.00,0.00,12.00,
1/8/2026,2:11:08 AM,2.00,0.01,0.00,-0.32,0.00,-0.14,0.00,0.10,110.51,0.10,0.01,-0.78,820.00,0.00,0.00,0.00,0.00,0.00,12.00,
1/8/2026,2:12:47 AM,2.00,0.01,0.00,-0.33,0.00,0.42,0.00,0.10,110.46,0.10,0.01,-0.75,820.00,0.00,0.00,0.00,0.00,0.00,12.00,
1/8/2026,2:14:26 AM,2.00,0.01,0.00,-0.32,0.00,0.42,0.00,0.10,110.51,0.10,0.01,-0.77,820.00,0.00,0.00,0.00,0.00,0.00,12.00,
1/8/2026,2:16:08 AM,2.00,0.01,0.00,-0.32,0.00,0.01,0.00,0.10,110.54,0.10,0.01,-0.72,820.00,0.00,0.00,0.00,0.00,0.00,12.00,
1/8/2026,2:17:48 AM,2.00,0.01,0.00,-0.33,0.00,0.25,0.00,0.10,113.00,0.10,0.01,-0.78,820.00,0.00,0.00,0.00,0.00,0.00,12.00,
1/8/2026,2:19:30 AM,2.00,0.01,0.00,-0.32,0.00,0.57,0.00,0.10,115.58,0.10,0.01,-0.80,820.00,0.00,0.00,0.00,0.00,0.00,12.00,
1/8/2026,2:21:13 AM,2.00,0.01,0.00,-0.32,0.00,0.47,0.00,0.10,115.58,0.10,0.01,-0.75,820.00,0.00,0.00,0.00,0.00,0.00,12.00,
1/8/2026,2:22:51 AM,2.00,0.01,0.00,-0.32,0.00,0.18,0.00,0.10,112.98,0.10,0.01,-0.72,820.00,0.00,0.00,0.00,0.00,0.00,12.00,
1/8/2026,2:24:35 AM,2.00,0.01,0.00,-0.33,0.00,0.28,0.00,0.10,115.68,0.10,0.01,-0.78,820.00,0.00,0.00,0.00,0.00,0.00,12.00,
1/8/2026,2:26:17 AM,2.00,0.01,0.00,-0.32,0.00,0.91,0.00,0.10,115.60,0.10,0.01,-0.67,820.00,0.00,0.00,0.00,0.00,0.00,12.00,
1/8/2026,2:28:00 AM,2.00,0.01,0.00,-0.33,0.00,0.89,0.00,0.10,118.38,0.10,0.01,-0.88,820.00,0.00,0.01,0.00,0.00,0.00,12.00,
1/8/2026,2:29:44 AM,2.00,0.01,0.00,-0.32,0.00,0.52,0.00,0.10,120.93,0.10,0.01,-0.73,820.00,0.00,0.00,0.00,0.00,0.00,12.00,
1/8/2026,2:31:26 AM,2.00,0.01,0.00,-0.32,0.00,0.42,0.00,0.10,129.43,0.10,0.01,-0.76,820.00,0.00,0.00,0.00,0.00,0.00,12.00,
1/8/2026,2:33:10 AM,2.00,0.01,0.00,-0.33,0.00,0.29,0.00,0.10,103.10,0.10,0.01,-0.77,820.00,0.00,0.00,0.00,0.00,0.00,12.00,
1/8/2026,2:34:54 AM,2.00,0.01,0.00,-0.33,0.00,0.63,0.00,0.10,103.02,0.10,0.01,-0.81,820.00,0.00,0.00,0.00,0.00,0.00,12.00,
1/8/2026,2:36:38 AM,2.00,0.01,0.00,-0.33,0.00,0.37,0.00,0.10,105.52,0.10,0.01,-0.78,820.00,0.00,0.00,0.00,0.00,0.00,12.00,
1/8/2026,2:38:23 AM,2.00,0.01,0.00,-0.33,0.00,0.82,0.00,0.10,103.10,0.10,0.01,-0.80,820.00,0.00,0.00,0.00,0.00,0.00,12.00,
1/8/2026,2:40:08 AM,2.00,0.01,0.00,-0.33,0.00,0.73,0.00,0.10,103.05,0.10,0.01,-0.83,820.00,0.00,0.01,0.00,0.00,0.00,12.00,
1/8/2026,2:41:55 AM,2.00,0.01,0.00,-0.32,0.00,0.70,0.00,0.10,103.08,0.10,0.01,-0.77,820.00,0.00,0.01,0.00,0.00,0.00,12.00,
1/8/2026,2:43:41 AM,2.00,0.01,0.00,-0.32,0.00,0.82,0.00,0.10,103.05,0.10,0.01,-0.77,820.00,0.00,0.01,0.00,0.00,0.00,12.00,
1/8/2026,2:45:28 AM,2.00,0.01,0.00,-0.32,0.00,-0.05,0.00,0.10,103.04,0.10,0.01,-0.70,820.00,0.00,0.00,0.00,0.00,0.00,12.00,
1/8/2026,2:47:15 AM,2.00,0.01,0.00,-0.31,0.00,0.52,0.00,0.10,103.12,0.10,0.01,-0.76,820.00,0.00,0.00,0.00,0.00,0.00,12.00,
1/8/2026,2:49:03 AM,2.00,0.01,0.00,-0.32,0.00,0.51,0.00,0.10,103.09,0.10,0.01,-0.76,820.00,0.00,0.00,0.00,0.00,0.00,12.00,
1/8/2026,2:50:50 AM,2.00,0.01,0.00,-0.32,0.00,0.01,0.00,0.10,103.13,0.10,0.01,-0.75,820.00,0.00,0.00,0.00,0.00,0.00,12.00,
1/8/2026,2:52:35 AM,2.00,0.01,0.00,-0.32,0.00,-0.12,0.00,0.10,105.42,0.10,0.01,-0.70,820.00,0.00,0.00,0.00,0.00,0.00,12.00,
1/8/2026,2:54:20 AM,2.00,0.01,0.00,-0.32,0.00,0.06,0.00,0.10,105.60,0.10,0.01,-0.73,820.00,0.00,0.00,0.00,0.00,0.00,12.00,
1/8/2026,2:56:06 AM,2.00,0.01,0.00,-0.32,0.00,0.78,0.00,0.10,105.53,0.10,0.01,-0.82,820.00,0.00,0.01,0.00,0.00,0.00,12.00,
1/8/2026,2:57:49 AM,2.00,0.01,0.00,-0.33,0.00,-0.03,0.00,0.10,105.37,0.10,0.01,-0.72,820.00,0.00,0.00,0.00,0.00,0.00,12.00,
1/8/2026,2:59:37 AM,2.00,0.01,0.00,-0.33,0.00,0.68,0.00,0.10,105.48,0.10,0.01,-0.76,820.00,0.00,0.00,0.00,0.00,0.00,12.00,
1/8/2026,3:01:23 AM,2.00,0.01,0.00,-0.33,0.00,0.90,0.00,0.10,105.47,0.10,0.01,-0.80,820.00,0.00,0.01,0.00,0.00,0.00,12.00,
1/8/2026,3:03:07 AM,2.00,0.01,0.00,-0.33,0.00,0.09,0.00,0.10,105.42,0.10,0.01,-0.74,820.00,0.00,0.00,0.00,0.00,0.00,12.00,
1/8/2026,3:04:53 AM,2.00,0.01,0.00,-0.33,0.00,0.37,0.00,0.10,105.44,0.10,0.01,-0.76,820.00,0.00,0.00,0.00,0.00,0.00,12.00,
1/8/2026,3:06:41 AM,2.00,0.01,0.00,-0.32,0.00,0.40,0.00,0.10,105.54,0.10,0.01,-0.77,820.00,0.00,0.00,0.00,0.00,0.00,12.00,
1/8/2026,3:08:27 AM,2.00,0.01,0.00,-0.32,0.00,0.30,0.00,0.10,105.44,0.10,0.01,-0.74,820.00,0.00,0.00,0.00,0.00,0.00,12.00,
1/8/2026,3:10:15 AM,2.00,0.01,0.00,-0.33,0.00,0.55,0.00,0.10,105.42,0.10,0.01,-0.81,820.00,0.00,0.00,0.00,0.00,0.00,12.00,
1/8/2026,3:12:02 AM,2.00,0.01,0.00,-0.33,0.00,0.46,0.00,0.10,105.48,0.10,0.01,-0.81,820.00,0.00,0.00,0.00,0.00,0.00,12.00,
1/8/2026,3:13:49 AM,2.00,0.01,0.00,-0.33,0.00,-0.12,0.00,0.10,105.42,0.10,0.01,-0.74,820.00,0.00,0.00,0.00,0.00,0.00,12.00,
1/8/2026,3:15:42 AM,2.00,0.01,0.00,-0.31,0.00,-0.12,0.00,0.10,107.86,0.10,0.01,-0.70,820.00,0.00,0.00,0.00,0.00,0.00,12.00,
1/8/2026,3:17:42 AM,2.00,0.01,0.00,-0.31,0.00,0.44,0.00,0.10,107.95,0.10,0.01,-0.77,820.00,0.00,0.00,0.00,0.00,0.00,12.00,
1/8/2026,3:19:48 AM,2.00,0.01,0.00,-0.31,0.00,-0.11,0.00,0.10,107.91,0.10,0.01,-0.70,820.00,0.00,0.00,0.00,0.00,0.00,12.00,
1/8/2026,3:21:49 AM,2.00,0.01,0.00,-0.33,0.00,0.15,0.00,0.10,107.86,0.10,0.01,-0.79,820.00,0.00,0.01,0.00,0.00,0.00,12.00,
1/8/2026,3:23:52 AM,2.00,0.01,0.00,-0.32,0.00,0.42,0.00,0.10,107.94,0.10,0.01,-0.72,820.00,0.00,0.00,0.00,0.00,0.00,12.00,
1/8/2026,3:25:48 AM,2.00,0.01,0.00,-0.32,0.00,0.43,0.00,0.10,107.90,0.10,0.01,-0.77,820.00,0.00,0.00,0.00,0.00,0.00,12.00,
1/8/2026,3:27:57 AM,2.00,0.01,0.00,-0.32,0.00,0.13,0.00,0.10,107.97,0.10,0.01,-0.78,820.00,0.00,0.00,0.00,0.00,0.00,12.00,
1/8/2026,3:30:01 AM,2.00,0.01,0.00,-0.31,0.00,0.45,0.00,0.10,110.41,0.10,0.01,-0.74,820.00,0.00,0.00,0.00,0.00,0.00,12.00,
1/8/2026,3:32:04 AM,2.00,0.01,0.00,-0.33,0.00,0.66,0.00,0.10,110.44,0.10,0.01,-0.77,820.00,0.00,0.00,0.00,0.00,0.00,12.00,
1/8/2026,3:34:03 AM,2.00,0.01,0.00,-0.33,0.00,0.70,0.00,0.10,110.46,0.10,0.01,-0.80,820.00,0.00,0.00,0.00,0.00,0.00,12.00,
1/8/2026,3:36:05 AM,2.00,0.01,0.00,-0.32,0.00,0.40,0.00,0.10,110.54,0.10,0.01,-0.71,820.00,0.00,0.00,0.00,0.00,0.00,12.00,
1/8/2026,3:38:03 AM,2.00,0.01,0.00,-0.33,0.00,0.37,0.00,0.10,110.48,0.10,0.01,-0.78,820.00,0.00,0.00,0.00,0.00,0.00,12.00,
1/8/2026,3:40:01 AM,2.00,0.01,0.00,-0.32,0.00,0.48,0.00,0.10,110.52,0.10,0.01,-0.76,820.00,0.00,0.01,0.00,0.00,0.00,12.00,
1/8/2026,3:41:56 AM,2.00,0.01,0.00,-0.32,0.00,0.06,0.00,0.10,112.97,0.10,0.01,-0.72,820.00,0.00,0.00,0.00,0.00,0.00,12.00,
1/8/2026,3:43:57 AM,2.00,0.01,0.00,-0.32,0.00,-0.14,0.00,0.10,112.92,0.10,0.01,-0.71,820.00,0.00,0.00,0.00,0.00,0.00,12.00,
1/8/2026,3:45:54 AM,2.00,0.01,0.00,-0.33,0.00,0.05,0.00,0.10,113.02,0.10,0.01,-0.74,820.00,0.00,0.00,0.00,0.00,0.00,12.00,
1/8/2026,3:47:51 AM,2.00,0.01,0.00,-0.32,0.00,0.62,0.00,0.10,113.09,0.10,0.01,-0.75,820.00,0.00,0.00,0.00,0.00,0.00,12.00,
1/8/2026,3:49:51 AM,2.00,0.01,0.00,-0.33,0.00,0.76,0.00,0.10,112.98,0.10,0.01,-0.71,820.00,0.00,0.01,0.00,0.00,0.00,12.00,
1/8/2026,3:51:49 AM,2.00,0.01,0.00,-0.33,0.00,0.21,0.00,0.10,110.54,0.10,0.01,-0.78,820.00,0.00,0.00,0.00,0.00,0.00,12.00,
1/8/2026,3:53:45 AM,2.00,0.01,0.00,-0.33,0.00,0.65,0.00,0.10,110.41,0.10,0.01,-0.79,820.00,0.00,0.00,0.00,0.00,0.00,12.00,
1/8/2026,3:55:44 AM,2.00,0.01,0.00,-0.33,0.00,-0.06,0.00,0.10,110.60,0.10,0.01,-0.73,820.00,0.00,0.00,0.00,0.00,0.00,12.00,
1/8/2026,3:57:40 AM,2.00,0.01,0.00,-0.33,0.00,0.36,0.00,0.10,113.14,0.10,0.01,-0.73,820.00,0.00,0.00,0.00,0.00,0.00,12.00,
1/8/2026,3:59:35 AM,2.00,0.01,0.00,-0.32,0.00,0.03,0.00,0.10,112.94,0.10,0.01,-0.74,820.00,0.00,0.00,0.00,0.00,0.00,12.00,
1/8/2026,4:01:35 AM,2.00,0.01,0.00,-0.33,0.00,0.98,0.00,0.10,112.99,0.10,0.01,-0.85,820.00,0.00,0.01,0.00,0.00,0.00,12.00,
1/8/2026,4:03:33 AM,2.00,0.01,0.00,-0.33,0.00,0.78,0.00,0.10,115.52,0.10,0.01,-0.86,820.00,0.00,0.01,0.00,0.00,0.00,12.00,
1/8/2026,4:05:31 AM,2.00,0.01,0.00,-0.32,0.00,0.47,0.00,0.10,115.61,0.10,0.01,-0.73,820.00,0.00,0.00,0.00,0.00,0.00,12.00,
1/8/2026,4:07:28 AM,2.00,0.01,0.00,-0.32,0.00,0.71,0.00,0.10,118.25,0.10,0.01,-0.79,820.00,0.00,0.00,0.00,0.00,0.00,12.00,
1/8/2026,4:09:29 AM,2.00,0.01,0.00,-0.32,0.00,0.11,0.00,0.10,118.30,0.10,0.01,-0.74,820.00,0.00,0.00,0.00,0.00,0.00,12.00,
1/8/2026,4:11:25 AM,2.00,0.01,0.00,-0.32,0.00,0.31,0.00,0.10,120.99,0.10,0.01,-0.76,820.00,0.00,0.00,0.00,0.00,0.00,12.00,
1/8/2026,4:13:24 AM,2.00,0.01,0.00,-0.33,0.00,0.37,0.00,0.10,121.02,0.10,0.01,-0.78,820.00,0.00,0.00,0.00,0.00,0.00,12.00,
1/8/2026,4:15:29 AM,2.00,0.01,0.00,-0.33,0.00,0.94,0.00,0.10,126.54,0.10,0.01,-0.79,820.00,0.00,0.01,0.00,0.00,0.00,12.00,
1/8/2026,4:17:25 AM,2.00,0.01,0.00,-0.32,0.00,0.97,0.00,0.10,148.84,0.10,0.01,-0.82,820.00,0.00,0.01,0.00,0.00,0.00,12.00,
1/8/2026,4:19:21 AM,2.00,0.01,0.00,-0.32,0.00,-0.10,0.00,0.10,105.51,0.10,0.01,-0.77,820.00,0.00,0.00,0.00,0.00,0.00,12.00,
1/8/2026,4:21:19 AM,2.00,0.01,0.00,-0.33,0.00,0.71,0.00,0.10,105.50,0.10,0.01,-0.81,820.00,0.00,0.00,0.00,0.00,0.00,12.00,
1/8/2026,4:23:20 AM,2.00,0.01,0.00,-0.32,0.00,0.86,0.00,0.10,108.05,0.10,0.01,-0.80,820.00,0.00,0.01,0.00,0.00,0.00,12.00,
1/8/2026,4:25:20 AM,2.00,0.01,0.00,-0.32,0.00,0.19,0.00,0.10,110.50,0.10,0.01,-0.73,820.00,0.00,0.00,0.00,0.00,0.00,12.00,
1/8/2026,4:27:24 AM,2.00,0.01,0.00,-0.32,0.00,0.46,0.00,0.10,105.57,0.10,0.01,-0.76,820.00,0.00,0.00,0.00,0.00,0.00,12.00,
1/8/2026,4:29:24 AM,2.00,0.01,0.00,-0.33,0.00,0.61,0.00,0.10,105.47,0.10,0.01,-0.79,820.00,0.00,0.00,0.00,0.00,0.00,12.00,
1/8/2026,4:31:30 AM,2.00,0.01,0.00,-0.32,0.00,-0.07,0.00,0.10,105.53,0.10,0.01,-0.67,820.00,0.00,0.00,0.00,0.00,0.00,12.00,
1/8/2026,4:33:33 AM,2.00,0.01,0.00,-0.33,0.00,0.71,0.00,0.10,105.56,0.10,0.01,-0.78,820.00,0.00,0.01,0.00,0.00,0.00,12.00,
1/8/2026,4:35:41 AM,2.00,0.01,0.00,-0.32,0.00,0.54,0.00,0.10,107.99,0.10,0.01,-0.71,820.00,0.00,0.00,0.00,0.00,0.00,12.00,
1/8/2026,4:37:45 AM,2.00,0.01,0.00,-0.32,0.00,-0.09,0.00,0.10,108.00,0.10,0.01,-0.71,820.00,0.00,0.00,0.00,0.00,0.00,12.00,
1/8/2026,4:39:54 AM,2.00,0.01,0.00,-0.32,0.00,0.58,0.00,0.10,108.00,0.10,0.01,-0.83,820.00,0.00,0.01,0.00,0.00,0.00,12.00,
1/8/2026,4:41:58 AM,2.00,0.01,0.00,-0.32,0.00,0.20,0.00,0.10,110.43,0.10,0.01,-0.74,820.00,0.00,0.00,0.00,0.00,0.00,12.00,
1/8/2026,4:44:07 AM,2.00,0.01,0.00,-0.32,0.00,0.71,0.00,0.10,110.46,0.10,0.01,-0.86,820.00,0.00,0.01,0.00,0.00,0.00,12.00,
1/8/2026,4:46:13 AM,2.00,0.01,0.00,-0.32,0.00,0.79,0.00,0.10,110.45,0.10,0.01,-0.78,820.00,0.00,0.01,0.00,0.00,0.00,12.00,
1/8/2026,4:48:15 AM,2.00,0.01,0.00,-0.33,0.00,0.31,0.00,0.10,113.09,0.10,0.01,-0.74,820.00,0.00,0.00,0.00,0.00,0.00,12.00,
1/8/2026,4:50:21 AM,2.00,0.01,0.00,-0.32,0.00,-0.14,0.00,0.10,113.05,0.10,0.01,-0.71,820.00,0.00,0.00,0.00,0.00,0.00,12.00,
1/8/2026,4:52:22 AM,2.00,0.01,0.00,-0.32,0.00,0.66,0.00,0.10,113.09,0.10,0.01,-0.79,820.00,0.00,0.00,0.00,0.00,0.00,12.00,
1/8/2026,4:54:28 AM,2.00,0.01,0.00,-0.32,0.00,0.51,0.00,0.10,115.71,0.10,0.01,-0.76,820.00,0.00,0.00,0.00,0.00,0.00,12.00,
1/8/2026,4:56:27 AM,2.00,0.01,0.00,-0.32,0.00,-0.04,0.00,0.10,115.59,0.10,0.01,-0.69,820.00,0.00,0.00,0.00,0.00,0.00,12.00,
1/8/2026,4:58:30 AM,2.00,0.01,0.00,-0.33,0.00,0.62,0.00,0.10,108.04,0.10,0.01,-0.75,820.00,0.00,0.00,0.00,0.00,0.00,12.00,
1/8/2026,5:00:32 AM,2.00,0.01,0.00,-0.32,0.00,0.01,0.00,0.10,110.53,0.10,0.01,-0.70,820.00,0.00,0.00,0.00,0.00,0.00,12.00,
1/8/2026,5:02:34 AM,2.00,0.01,0.00,-0.33,0.00,-0.14,0.00,0.10,110.41,0.10,0.01,-0.73,820.00,0.00,0.00,0.00,0.00,0.00,12.00,
1/8/2026,5:04:36 AM,2.00,0.01,0.00,-0.32,0.00,-0.02,0.00,0.10,113.05,0.10,0.01,-0.74,820.00,0.00,0.00,0.00,0.00,0.00,12.00,
1/8/2026,5:06:39 AM,2.00,0.01,0.00,-0.32,0.00,-0.14,0.00,0.10,115.70,0.10,0.01,-0.70,820.00,0.00,0.00,0.00,0.00,0.00,12.00,
1/8/2026,5:08:42 AM,2.00,0.01,0.00,-0.32,0.00,-0.02,0.00,0.10,110.50,0.10,0.01,-0.71,820.00,0.00,0.00,0.00,0.00,0.00,12.00,
1/8/2026,5:10:47 AM,2.00,0.01,0.00,-0.33,0.00,0.54,0.00,0.10,110.45,0.10,0.01,-0.80,820.00,0.00,0.01,0.00,0.00,0.00,12.00,
1/8/2026,5:12:52 AM,2.00,0.01,0.00,-0.32,0.00,0.12,0.00,0.10,110.35,0.10,0.01,-0.75,820.00,0.00,0.00,0.00,0.00,0.00,12.00,
1/8/2026,5:14:58 AM,2.00,0.01,0.00,-0.33,0.00,0.56,0.00,0.10,110.47,0.10,0.01,-0.81,820.00,0.00,0.01,0.00,0.00,0.00,12.00,
1/8/2026,5:16:59 AM,2.00,0.01,0.00,-0.33,0.00,0.73,0.00,0.10,113.07,0.10,0.01,-0.79,820.00,0.00,0.01,0.00,0.00,0.00,12.00,
1/8/2026,5:19:05 AM,2.00,0.01,0.00,-0.32,0.00,0.38,0.00,0.10,112.90,0.10,0.01,-0.84,820.00,0.00,0.01,0.00,0.00,0.00,12.00,
1/8/2026,5:21:13 AM,2.00,0.01,0.00,-0.31,0.00,0.88,0.00,0.10,113.09,0.10,0.01,-0.69,820.00,0.00,0.01,0.00,0.00,0.00,12.00,
1/8/2026,5:23:19 AM,2.00,0.01,0.00,-0.32,0.00,-0.09,0.00,0.10,115.62,0.10,0.01,-0.71,820.00,0.00,0.00,0.00,0.00,0.00,12.00,
1/8/2026,5:25:25 AM,2.00,0.01,0.00,-0.33,0.00,0.83,0.00,0.10,115.72,0.10,0.01,-0.84,820.00,0.00,0.01,0.00,0.00,0.00,12.00,
1/8/2026,5:27:28 AM,2.00,0.01,0.00,-0.32,0.00,-0.12,0.00,0.10,115.58,0.10,0.01,-0.63,820.00,0.00,0.00,0.00,0.00,0.00,12.00,
1/8/2026,5:29:36 AM,2.00,0.01,0.00,-0.31,0.00,0.85,0.00,0.10,118.37,0.10,0.01,-0.80,820.00,0.00,0.01,0.00,0.00,0.00,12.00,
1/8/2026,5:31:43 AM,2.00,0.01,0.00,-0.32,0.00,-0.08,0.00,0.10,121.06,0.10,0.01,-0.72,820.00,0.00,0.00,0.00,0.00,0.00,12.00,
1/8/2026,5:33:50 AM,2.00,0.01,0.00,-0.33,0.00,-0.14,0.00,0.10,115.61,0.10,0.01,-0.67,820.00,0.00,0.00,0.00,0.00,0.00,12.00,
1/8/2026,5:35:56 AM,2.00,0.01,0.00,-0.32,0.00,0.66,0.00,0.10,118.38,0.10,0.01,-0.82,820.00,0.00,0.01,0.00,0.00,0.00,12.00,
1/8/2026,5:38:06 AM,2.00,0.01,0.00,-0.33,0.00,0.19,0.00,0.10,118.26,0.10,0.01,-0.76,820.00,0.00,0.00,0.00,0.00,0.00,12.00,
1/8/2026,5:40:15 AM,2.00,0.01,0.00,-0.32,0.00,-0.02,0.00,0.10,118.20,0.10,0.01,-0.72,820.00,0.00,0.00,0.00,0.00,0.00,12.00,
1/8/2026,5:42:25 AM,2.00,0.01,0.00,-0.32,0.00,0.21,0.00,0.10,118.19,0.10,0.01,-0.74,820.00,0.00,0.00,0.00,0.00,0.00,12.00,
1/8/2026,5:44:34 AM,2.00,0.01,0.00,-0.32,0.00,0.29,0.00,0.10,120.93,0.10,0.01,-0.75,820.00,0.00,0.00,0.00,0.00,0.00,12.00,
1/8/2026,5:46:41 AM,2.00,0.01,0.00,-0.33,0.00,0.28,0.00,0.10,121.05,0.10,0.01,-0.76,820.00,0.00,0.00,0.00,0.00,0.00,12.00,
1/8/2026,5:48:49 AM,2.00,0.01,0.00,-0.33,0.00,-0.05,0.00,0.10,123.62,0.10,0.01,-0.75,820.00,0.00,0.00,0.00,0.00,0.00,12.00,
1/8/2026,5:50:58 AM,2.00,0.01,0.00,-0.32,0.00,0.48,0.00,0.10,123.65,0.10,0.01,-0.78,820.00,0.00,0.00,0.00,0.00,0.00,12.00,
1/8/2026,5:53:08 AM,2.00,0.01,0.00,-0.33,0.00,0.67,0.00,0.10,123.55,0.10,0.01,-0.82,820.00,0.00,0.01,0.00,0.00,0.00,12.00,
1/8/2026,5:55:15 AM,2.00,0.01,0.00,-0.32,0.00,0.77,0.00,0.10,126.44,0.10,0.01,-0.79,820.00,0.00,0.00,0.00,0.00,0.00,12.00,
1/8/2026,5:57:24 AM,2.00,0.01,0.00,-0.32,0.00,0.96,0.00,0.10,126.60,0.10,0.01,-0.77,820.00,0.00,0.01,0.00,0.00,0.00,12.00,
1/8/2026,5:59:30 AM,2.00,0.01,0.00,-0.33,0.00,0.46,0.00,0.10,126.40,0.10,0.01,-0.75,820.00,0.00,0.00,0.00,0.00,0.00,12.00,
1/8/2026,6:01:40 AM,2.00,0.01,0.00,-0.33,0.00,0.57,0.00,0.10,129.48,0.10,0.01,-0.79,820.00,0.00,0.00,0.00,0.00,0.00,12.00,
1/8/2026,6:03:50 AM,2.00,0.01,0.00,-0.31,0.00,-0.05,0.00,0.10,129.47,0.10,0.01,-0.68,820.00,0.00,0.00,0.00,0.00,0.00,12.00,
1/8/2026,6:06:00 AM,2.00,0.01,0.00,-0.32,0.00,-0.13,0.00,0.10,132.68,0.10,0.01,-0.71,820.00,0.00,0.00,0.00,0.00,0.00,12.00,
1/8/2026,6:08:10 AM,2.00,0.01,0.00,-0.32,0.00,0.73,0.00,0.10,132.57,0.10,0.01,-0.76,820.00,0.00,0.00,0.00,0.00,0.00,12.00,
1/8/2026,6:10:21 AM,2.00,0.01,0.00,-0.33,0.00,-0.15,0.00,0.10,132.61,0.10,0.01,-0.70,820.00,0.00,0.00,0.00,0.00,0.00,12.00,
1/8/2026,6:12:26 AM,2.00,0.01,0.00,-0.33,0.00,0.66,0.00,0.10,135.80,0.10,0.01,-0.80,820.00,0.00,0.00,0.00,0.00,0.00,12.00,
1/8/2026,6:14:35 AM,2.00,0.01,0.00,-0.31,0.00,-0.14,0.00,0.10,135.63,0.10,0.01,-0.71,820.00,0.00,0.00,0.00,0.00,0.00,12.00,
1/8/2026,6:16:39 AM,2.00,0.01,0.00,-0.33,0.00,0.66,0.00,0.10,138.85,0.10,0.01,-0.78,820.00,0.00,0.00,0.00,0.00,0.00,12.00,
1/8/2026,6:18:47 AM,2.00,0.01,0.00,-0.33,0.00,0.70,0.00,0.10,138.91,0.10,0.01,-0.79,820.00,0.00,0.01,0.00,0.00,0.00,12.00,
1/8/2026,6:20:53 AM,2.00,0.01,0.00,-0.32,0.00,-0.14,0.00,0.10,142.26,0.10,0.01,-0.72,820.00,0.00,0.00,0.00,0.00,0.00,12.00,
1/8/2026,6:23:02 AM,2.00,0.01,0.00,-0.33,0.00,0.97,0.00,0.10,142.08,0.10,0.01,-0.80,820.00,0.00,0.01,0.00,0.00,0.00,12.00,
1/8/2026,6:25:06 AM,2.00,0.01,0.00,-0.33,0.00,-0.12,0.00,0.10,145.48,0.10,0.01,-0.70,820.00,0.00,0.00,0.00,0.00,0.00,12.00,
1/8/2026,6:27:12 AM,2.00,0.01,0.00,-0.33,0.00,0.60,0.00,0.10,148.94,0.10,0.01,-0.79,820.00,0.00,0.01,0.00,0.00,0.00,12.00,
1/8/2026,6:29:16 AM,2.00,0.01,0.00,-0.33,0.00,0.66,0.00,0.10,148.96,0.10,0.01,-0.77,820.00,0.00,0.00,0.00,0.00,0.00,12.00,
1/8/2026,6:31:18 AM,2.00,0.01,0.00,-0.32,0.00,0.96,0.00,0.10,152.46,0.10,0.01,-0.78,820.00,0.00,0.01,0.00,0.00,0.00,12.00,
1/8/2026,4:42:00 PM,10.00,10.03,3.40,26.45,2.29,1.45,0.00,10.82,171.90,0.10,-0.58,74.15,865.00,9.17,0.00,65.30,103.77,0.00,12.00,blah blah blah
1/8/2026,4:42:09 PM,10.00,10.03,3.40,26.51,2.29,1.60,0.00,10.85,172.03,0.10,-0.58,74.05,865.00,9.18,0.00,65.26,103.78,0.00,12.00,looks like it works
1/8/2026,4:46:05 PM,10.00,10.03,3.40,26.51,2.29,1.50,0.00,10.82,184.28,0.10,-0.59,73.66,870.00,9.17,0.00,65.85,104.35,0.00,12.00,
1/8/2026,4:47:06 PM,10.00,10.03,3.40,26.52,2.29,1.54,0.00,11.15,168.25,0.10,-0.59,73.71,870.00,9.17,0.00,65.84,104.34,0.00,12.00,
1/8/2026,4:48:07 PM,10.00,10.04,3.40,26.52,2.29,1.61,0.00,11.12,172.20,0.10,-0.59,73.77,870.00,9.18,0.00,65.82,104.34,0.00,12.00,
1/8/2026,4:49:08 PM,10.00,10.04,3.40,26.50,2.29,1.60,0.00,11.84,156.40,0.10,-0.60,73.43,880.00,9.17,0.00,66.94,105.46,0.00,12.00,
1/8/2026,4:50:09 PM,10.00,10.04,3.40,26.51,2.29,1.45,0.00,11.32,156.65,0.10,-0.60,73.43,880.00,9.18,0.00,66.91,105.48,0.00,12.00,
1/8/2026,4:51:10 PM,10.00,10.04,3.40,27.43,2.39,1.51,0.00,11.59,160.47,0.10,-0.61,73.46,880.00,9.17,0.00,66.96,105.47,0.00,12.00,
1/8/2026,4:52:11 PM,10.00,10.04,3.40,28.55,2.49,1.61,0.00,11.59,160.22,0.10,-0.62,73.43,880.00,9.17,0.00,66.95,105.48,0.00,12.00,
1/8/2026,4:53:12 PM,10.00,10.04,3.40,28.44,2.49,1.61,0.00,11.59,160.36,0.10,-0.62,73.44,880.00,9.18,0.00,66.94,105.47,0.00,12.00,
1/8/2026,4:54:12 PM,10.00,10.04,3.40,28.53,2.49,1.61,0.00,11.83,164.06,0.10,-0.62,73.49,886.00,9.17,0.00,67.61,106.05,0.00,12.00,
1/8/2026,4:55:13 PM,10.00,10.04,3.40,28.48,2.49,1.61,0.00,12.37,164.11,0.10,-0.64,73.63,894.00,9.18,0.00,68.48,107.03,0.00,12.00,
1/8/2026,4:56:15 PM,10.00,10.04,3.40,28.38,2.49,1.68,0.00,12.67,168.23,0.10,-0.64,73.74,894.00,9.17,0.00,68.50,107.03,0.00,12.00,
1/8/2026,4:57:15 PM,10.00,10.04,3.40,28.48,2.49,1.62,0.00,12.66,168.13,0.10,-0.64,73.63,894.00,9.17,0.00,68.49,107.02,0.00,12.00,
1/8/2026,4:58:16 PM,10.00,10.04,3.40,28.45,2.49,1.63,0.00,13.08,172.20,0.10,-0.64,73.68,894.00,9.18,0.00,68.49,107.03,0.00,12.00,
1/8/2026,4:59:17 PM,10.00,10.04,3.40,28.46,2.49,1.67,0.00,12.97,176.08,0.10,-0.64,73.74,897.00,9.17,0.00,68.83,107.37,0.00,12.00,
1/8/2026,5:00:18 PM,10.00,10.04,3.40,28.54,2.49,1.71,0.00,13.57,183.92,0.10,-0.65,73.94,900.00,9.18,0.00,69.18,107.70,0.00,12.00,
1/8/2026,5:01:19 PM,10.00,10.04,3.40,28.45,2.49,1.77,0.00,12.96,179.75,0.10,-0.65,74.09,900.00,9.17,0.00,69.15,107.71,0.00,12.00,
1/8/2026,5:02:20 PM,10.00,10.05,3.40,28.37,2.49,1.68,0.00,12.95,171.93,0.10,-0.65,74.12,900.00,9.17,0.00,69.17,107.71,0.00,12.00,
1/8/2026,5:03:21 PM,10.00,10.05,3.40,28.47,2.49,1.73,0.00,12.96,175.84,0.10,-0.65,74.04,900.00,9.18,0.00,69.17,107.71,0.00,12.00,
1/8/2026,5:04:22 PM,10.00,10.05,3.40,28.43,2.49,1.70,0.00,12.95,175.97,0.10,-0.65,74.14,900.00,9.17,0.00,69.17,107.71,0.00,12.00,
1/8/2026,5:05:23 PM,10.00,10.03,3.40,-0.20,2.49,0.11,0.00,8.76,171.84,0.10,0.01,-0.71,900.00,0.00,0.00,0.00,0.00,0.00,12.00,
1/8/2026,5:06:24 PM,10.00,10.02,3.40,-0.20,2.19,0.06,0.00,7.41,176.17,0.10,0.01,-0.69,900.00,0.00,0.00,0.00,0.00,0.00,12.00,
1/8/2026,5:07:24 PM,10.00,10.01,3.40,-0.20,2.19,0.10,0.00,6.74,172.17,0.10,0.01,-0.71,900.00,0.00,0.00,0.00,0.00,0.00,12.00,
1/8/2026,5:08:25 PM,10.00,10.01,3.40,-0.22,2.19,0.05,0.00,6.32,176.12,0.10,0.01,-0.65,900.00,0.00,0.00,0.00,0.00,0.00,12.00,
1/8/2026,5:09:26 PM,10.00,10.01,3.40,-0.19,2.19,0.05,0.00,20.88,179.86,0.10,0.01,-0.71,900.00,0.00,0.00,0.00,0.00,0.00,12.00,
1/8/2026,5:10:27 PM,10.00,10.02,3.40,25.48,2.19,1.53,0.00,13.87,188.09,0.10,-0.60,73.62,890.00,9.17,0.00,68.03,106.53,0.00,12.00,
1/8/2026,5:11:27 PM,10.00,10.04,3.40,25.30,2.19,1.35,0.00,17.52,192.32,0.10,-0.62,74.05,900.00,9.17,0.00,69.16,107.70,0.00,12.00,
1/8/2026,5:12:28 PM,10.00,10.03,3.40,-0.21,2.19,0.08,0.00,11.85,188.28,0.10,0.01,-0.78,900.00,0.00,0.00,0.00,0.00,0.00,12.00,
1/8/2026,5:13:29 PM,10.00,10.03,3.40,25.52,2.19,1.35,0.00,12.66,196.81,0.10,-0.60,73.58,880.00,9.17,0.00,66.95,105.46,0.00,12.00,
1/8/2026,5:14:30 PM,10.00,10.04,3.40,25.31,2.19,1.45,0.00,12.38,192.51,0.10,-0.59,73.49,880.00,9.18,0.00,66.93,105.49,0.00,12.00,
1/8/2026,5:15:31 PM,10.00,10.04,3.40,25.40,2.19,1.40,0.00,12.09,201.27,0.10,-0.60,73.53,880.00,9.18,0.00,66.94,105.49,0.00,12.00,
1/8/2026,5:16:32 PM,10.00,10.04,3.40,25.50,2.19,1.35,0.00,12.10,201.45,0.10,-0.60,73.54,880.00,9.17,0.00,66.95,105.49,0.00,12.00,
1/8/2026,5:17:32 PM,10.00,10.04,3.40,25.36,2.19,1.46,0.00,12.02,206.19,0.10,-0.59,73.48,880.00,9.17,0.00,66.94,105.49,0.00,12.00,
1/8/2026,5:18:33 PM,10.00,10.04,3.40,25.39,2.19,1.49,0.00,11.86,225.93,0.10,-0.60,73.61,880.00,9.17,0.00,66.95,105.49,0.00,12.00,
1/8/2026,5:19:34 PM,10.00,10.02,3.40,-0.20,2.19,0.05,0.00,7.56,197.17,0.10,0.01,-0.71,880.00,0.00,0.00,0.00,0.00,0.00,12.00,
1/8/2026,5:20:34 PM,10.00,10.01,3.40,-0.19,2.19,0.02,0.00,7.01,192.39,0.10,0.01,-0.70,880.00,0.00,0.00,0.00,0.00,0.00,12.00,
1/8/2026,5:21:35 PM,10.00,10.01,3.40,-0.21,2.19,0.05,0.00,6.47,196.97,0.10,0.01,-0.74,880.00,0.00,0.00,0.00,0.00,0.00,12.00,
1/8/2026,5:22:36 PM,10.00,10.01,3.40,-0.21,2.19,0.13,0.00,6.19,206.16,0.10,0.02,-0.67,880.00,0.00,0.00,0.00,0.00,0.00,12.00,
1/8/2026,5:23:36 PM,10.00,10.01,3.40,-0.20,2.19,0.02,0.00,5.92,210.86,0.10,0.01,-0.67,880.00,0.00,0.00,0.00,0.00,0.00,12.00,
1/8/2026,5:24:37 PM,10.00,10.01,3.40,-0.21,2.19,0.05,0.00,5.68,225.88,0.10,0.01,-0.72,880.00,0.00,0.00,0.00,0.00,0.00,12.00,
1/8/2026,5:25:37 PM,10.00,10.00,3.40,-0.20,2.19,0.02,0.00,9.69,0.11,0.10,0.01,-0.70,880.00,0.00,0.00,0.00,0.00,0.00,12.00,
1/8/2026,5:26:38 PM,10.00,10.00,3.40,-0.21,2.19,0.02,0.00,10.24,0.11,0.10,0.01,-0.69,880.00,0.00,0.00,0.00,0.00,0.00,12.00,
1/8/2026,5:27:38 PM,10.00,10.00,3.40,-0.20,2.19,0.10,0.00,10.23,175.91,0.10,0.01,-0.68,880.00,0.00,0.00,0.00,0.00,0.00,12.00,
1/8/2026,5:28:39 PM,10.00,10.00,3.40,-0.20,2.19,0.05,0.00,5.79,211.00,0.10,0.01,-0.71,860.00,0.00,0.00,0.00,0.00,0.00,12.00,
1/8/2026,5:29:40 PM,10.00,10.02,3.40,25.51,2.19,1.37,0.00,9.05,192.32,0.10,-0.57,74.41,860.00,9.17,0.00,64.75,103.18,0.00,12.00,
1/8/2026,5:30:40 PM,10.00,10.03,3.40,25.51,2.19,1.43,0.00,9.46,201.44,0.10,-0.57,74.41,860.00,9.18,0.00,64.73,103.19,0.00,12.00,
1/8/2026,5:31:41 PM,10.00,10.03,3.40,25.43,2.19,1.53,0.00,9.68,201.60,0.10,-0.57,74.52,860.00,9.18,0.00,64.73,103.19,0.00,12.00,
1/8/2026,5:32:42 PM,10.00,10.03,3.40,25.36,2.19,1.37,0.00,9.89,210.72,0.10,-0.57,74.45,860.00,9.17,0.00,64.75,103.18,0.00,12.00,
1/8/2026,5:33:43 PM,10.00,10.03,3.40,25.47,2.19,1.31,0.00,9.90,183.64,0.10,-0.57,74.36,860.00,9.17,0.00,64.73,103.20,0.00,12.00,
1/8/2026,5:34:44 PM,10.00,10.03,3.40,25.39,2.19,1.35,0.00,9.89,171.80,0.10,-0.57,74.47,860.00,9.17,0.00,64.75,103.19,0.00,12.00,
1/8/2026,5:35:45 PM,10.00,10.03,3.40,25.45,2.19,1.42,0.00,10.35,175.72,0.10,-0.58,73.82,870.00,9.18,0.00,65.82,104.32,0.00,12.00,
1/8/2026,5:36:45 PM,10.00,10.04,3.40,25.42,2.19,1.42,0.00,10.34,179.45,0.10,-0.58,73.85,870.00,9.17,0.00,65.85,104.33,0.00,12.00,
1/8/2026,5:37:46 PM,10.00,10.04,3.40,25.39,2.19,1.36,0.00,10.58,188.04,0.10,-0.60,73.52,880.00,9.17,0.00,66.94,105.48,0.00,12.00,
1/8/2026,5:38:47 PM,10.00,10.04,3.40,25.49,2.19,1.40,0.00,10.82,183.78,0.10,-0.60,73.55,880.00,9.18,0.00,66.96,105.48,0.00,12.00,
1/8/2026,5:39:48 PM,10.00,10.04,3.40,25.39,2.19,1.39,0.00,11.82,192.21,0.10,-0.59,73.75,880.00,9.18,0.00,66.94,105.48,0.00,12.00,
1/8/2026,5:40:49 PM,10.00,10.04,3.40,25.39,2.19,1.36,0.00,11.32,175.93,0.10,-0.60,73.74,890.00,9.17,0.00,68.06,106.51,0.00,12.00,
1/8/2026,5:41:50 PM,10.00,10.04,3.40,25.47,2.19,1.43,0.00,11.76,179.85,0.10,-0.61,73.67,890.00,9.17,0.00,68.04,106.60,0.00,12.00,
1/8/2026,5:42:51 PM,10.00,10.04,3.40,25.36,2.19,1.48,0.00,12.26,183.64,0.10,-0.61,73.72,890.00,9.17,0.00,68.07,106.60,0.00,12.00,
1/8/2026,5:43:52 PM,10.00,10.04,3.40,25.44,2.19,1.38,0.00,11.58,188.00,0.10,-0.61,73.72,890.00,9.17,0.00,68.03,106.61,0.00,12.00,
1/8/2026,5:44:53 PM,10.00,10.05,3.40,25.45,2.19,1.45,0.00,11.83,192.31,0.10,-0.62,74.07,900.00,9.18,0.00,69.18,107.72,0.00,12.00,
1/8/2026,5:45:54 PM,10.00,10.05,3.40,25.44,2.19,1.47,0.00,11.83,192.30,0.10,-0.62,74.23,900.00,9.17,0.00,69.16,107.71,0.00,12.00,
1/8/2026,5:46:55 PM,10.00,10.05,3.40,25.48,2.19,1.36,0.00,12.09,206.11,0.10,-0.62,74.19,900.00,9.17,0.00,69.17,107.71,0.00,12.00,
1/8/2026,5:47:56 PM,10.00,10.05,3.40,25.37,2.19,1.38,0.00,12.48,201.07,0.10,-0.62,74.20,900.00,9.17,0.00,69.16,107.72,0.00,12.00,
1/8/2026,5:48:57 PM,10.00,10.05,3.40,25.45,2.19,1.51,0.00,12.10,201.41,0.10,-0.62,74.17,900.00,9.18,0.00,69.15,107.71,0.00,12.00,
1/8/2026,5:49:58 PM,10.00,10.05,3.40,25.51,2.19,1.37,0.00,12.47,210.29,0.10,-0.62,74.16,900.00,9.17,0.00,69.18,107.72,0.00,12.00,
1/8/2026,5:50:59 PM,10.00,10.05,3.40,25.49,2.19,1.37,0.00,12.09,225.62,0.10,-0.62,74.04,900.00,9.17,0.00,69.19,107.72,0.00,12.00,
1/8/2026,5:52:00 PM,10.00,10.05,3.40,25.54,2.19,1.45,0.00,12.65,171.45,0.10,-0.62,74.10,900.00,9.17,0.00,69.16,107.72,0.00,12.00,
1/8/2026,5:53:01 PM,10.00,10.05,3.40,25.45,2.19,1.51,0.00,12.08,175.66,0.10,-0.62,74.19,900.00,9.17,0.00,69.15,107.72,0.00,12.00,
1/8/2026,5:54:02 PM,10.00,10.05,3.40,25.45,2.19,1.54,0.00,12.37,167.84,0.10,-0.62,73.96,900.00,9.17,0.00,69.18,107.72,0.00,12.00,
1/8/2026,5:55:04 PM,10.00,10.05,3.40,25.45,2.19,1.37,0.00,12.08,167.96,0.10,-0.62,74.17,900.00,9.17,0.00,69.17,107.71,0.00,12.00,
1/8/2026,5:56:05 PM,10.00,10.05,3.40,25.48,2.19,1.35,0.00,12.09,171.66,0.10,-0.62,74.13,900.00,9.17,0.00,69.15,107.72,0.00,12.00,
1/8/2026,5:57:06 PM,10.00,10.05,3.40,25.48,2.19,1.38,0.00,12.08,175.67,0.10,-0.62,74.13,900.00,9.18,0.00,69.17,107.71,0.00,12.00,
1/8/2026,5:58:07 PM,10.00,10.05,3.40,25.48,2.19,1.48,0.00,12.09,179.53,0.10,-0.62,73.98,900.00,9.17,0.00,69.17,107.73,0.00,12.00,
1/8/2026,5:59:09 PM,10.00,10.05,3.40,25.40,2.19,1.51,0.00,12.08,175.68,0.10,-0.62,74.06,901.00,9.17,0.00,69.28,107.82,0.00,12.00,
1/8/2026,6:00:10 PM,10.00,10.05,3.40,25.38,2.19,1.35,0.00,11.83,179.58,0.10,-0.62,74.05,901.00,9.17,0.00,69.25,107.84,0.00,12.00,
1/8/2026,6:01:11 PM,10.00,10.05,3.40,25.46,2.19,1.38,0.00,17.08,183.90,0.10,-0.62,74.12,901.00,9.18,0.00,69.29,107.84,0.00,12.00,
1/8/2026,6:02:13 PM,10.00,10.05,3.40,25.53,2.19,1.32,0.00,13.66,183.76,0.10,-0.62,74.07,900.00,9.18,0.00,69.15,107.73,0.00,12.00,
1/8/2026,6:03:14 PM,10.00,10.05,3.40,25.48,2.19,1.40,0.00,12.73,192.01,0.10,-0.62,73.98,900.00,9.17,0.00,69.17,107.71,0.00,12.00,
1/8/2026,6:04:15 PM,10.00,10.05,3.40,25.41,2.19,1.39,0.00,12.42,196.81,0.10,-0.62,74.23,900.00,9.17,0.00,69.17,107.73,0.00,12.00,
1/8/2026,6:05:17 PM,10.00,10.05,3.40,25.43,2.19,1.38,0.00,12.07,163.84,0.10,-0.62,74.13,900.00,9.17,0.00,69.17,107.72,0.00,12.00,
1/8/2026,6:06:18 PM,10.00,10.03,3.40,25.38,2.19,1.42,0.00,13.87,167.82,0.10,-0.60,73.71,888.00,9.17,0.00,67.83,106.19,0.00,12.00,
1/8/2026,6:07:20 PM,10.00,10.04,3.40,25.38,2.19,1.40,0.00,12.94,175.63,0.10,-0.61,73.73,890.00,9.18,0.00,68.04,106.60,0.00,12.00,
1/8/2026,6:08:21 PM,10.00,10.04,3.40,25.43,2.19,1.44,0.00,12.65,179.67,0.10,-0.61,73.77,890.00,9.18,0.00,68.04,106.59,0.00,12.00,
1/8/2026,6:09:23 PM,10.00,10.04,3.40,25.33,2.19,1.42,0.00,13.11,167.65,0.10,-0.61,73.71,890.00,9.17,0.00,68.05,106.59,0.00,12.00,
1/8/2026,6:10:24 PM,10.00,10.04,3.40,25.48,2.19,1.47,0.00,12.65,167.80,0.10,-0.61,73.70,890.00,9.17,0.00,68.05,106.59,0.00,12.00,
1/8/2026,6:11:26 PM,10.00,10.04,3.40,25.44,2.19,1.45,0.00,12.37,164.06,0.10,-0.61,73.72,890.00,9.18,0.00,68.06,106.60,0.00,12.00,
1/8/2026,6:12:27 PM,10.00,10.04,3.40,25.55,2.19,1.51,0.00,12.36,171.92,0.10,-0.61,73.76,890.00,9.17,0.00,68.04,106.59,0.00,12.00,
1/8/2026,6:13:29 PM,10.00,10.04,3.40,25.34,2.19,1.46,0.00,12.36,183.42,0.10,-0.61,73.80,890.00,9.17,0.00,68.04,106.59,0.00,12.00,
1/8/2026,6:14:30 PM,10.00,10.05,3.40,25.53,2.19,1.48,0.00,12.08,156.10,0.10,-0.62,74.23,900.00,9.17,0.00,69.15,107.71,0.00,12.00,
1/8/2026,6:15:32 PM,10.00,10.05,3.40,25.49,2.19,1.36,0.00,12.06,159.86,0.10,-0.62,74.08,900.00,9.17,0.00,69.16,107.71,0.00,12.00,
1/8/2026,6:16:33 PM,10.00,10.05,3.40,25.40,2.19,1.37,0.00,12.08,163.94,0.10,-0.62,74.07,900.00,9.17,0.00,69.16,107.71,0.00,12.00,
1/8/2026,6:17:35 PM,10.00,10.05,3.40,25.38,2.19,1.35,0.00,12.46,171.68,0.10,-0.62,74.11,900.00,9.17,0.00,69.18,107.71,0.00,12.00,
1/8/2026,6:18:36 PM,10.00,10.05,3.40,25.42,2.19,1.36,0.00,12.07,167.91,0.10,-0.62,74.07,900.00,9.17,0.00,69.16,107.71,0.00,12.00,
1/8/2026,6:18:58 PM,10.00,10.04,3.40,-0.22,2.19,0.02,0.00,13.30,167.56,0.10,0.01,-0.77,900.00,0.00,0.00,0.00,0.00,0.00,12.00,arc event
1/8/2026,6:19:58 PM,10.00,10.02,3.40,-0.19,2.19,0.10,0.00,8.83,169.93,0.10,0.01,-0.70,900.00,0.00,0.00,0.00,0.00,0.00,12.00,
1/8/2026,6:20:59 PM,10.00,10.01,3.40,-0.21,2.19,0.07,0.00,8.09,175.72,0.10,0.01,-0.66,900.00,0.00,0.00,0.00,0.00,0.00,12.00,
1/8/2026,6:21:59 PM,10.00,10.01,3.40,-0.20,2.19,0.03,0.00,7.57,145.77,0.10,0.01,-0.69,900.00,0.00,0.00,0.00,0.00,0.00,12.00,
1/8/2026,6:23:00 PM,10.00,10.01,3.40,-0.21,2.19,0.05,0.00,7.47,160.25,0.10,0.01,-0.67,900.00,0.00,0.00,0.00,0.00,0.00,12.00,
1/8/2026,6:24:01 PM,10.00,10.01,3.40,-0.21,2.19,0.02,0.00,7.07,163.92,0.10,0.01,-0.69,880.00,0.00,0.00,0.00,0.00,0.00,12.00,
1/8/2026,6:25:02 PM,10.00,10.03,3.40,25.45,2.19,1.49,0.00,10.82,175.70,0.10,-0.59,73.63,880.00,9.18,0.00,66.95,105.46,0.00,12.00,
1/8/2026,6:26:04 PM,10.00,10.04,3.40,25.34,2.19,1.36,0.00,11.06,187.95,0.10,-0.60,73.61,880.00,9.18,0.00,66.92,105.48,0.00,12.00,
1/8/2026,6:27:06 PM,10.00,10.04,3.40,25.32,2.19,1.35,0.00,11.31,192.18,0.10,-0.59,73.69,881.00,9.18,0.00,66.93,105.48,0.00,12.00,
1/8/2026,6:28:08 PM,10.00,10.04,3.40,25.38,2.19,1.49,0.00,11.31,183.53,0.10,-0.61,73.75,890.00,9.17,0.00,68.04,106.60,0.00,12.00,
1/8/2026,6:29:09 PM,10.00,10.04,3.40,25.24,2.19,1.41,0.00,11.31,196.33,0.10,-0.61,73.99,897.00,9.17,0.00,68.83,107.27,0.00,12.00,
1/8/2026,6:30:11 PM,10.00,10.05,3.40,25.36,2.19,1.38,0.00,11.30,183.71,0.10,-0.62,74.09,900.00,9.17,0.00,69.15,107.70,0.00,12.00,
1/8/2026,6:31:13 PM,10.00,10.05,3.40,25.45,2.19,1.36,0.00,11.32,192.32,0.10,-0.62,74.08,900.00,9.17,0.00,69.15,107.71,0.00,12.00,
1/8/2026,6:32:14 PM,10.00,10.05,3.40,25.43,2.19,1.36,0.00,11.44,171.77,0.10,-0.62,74.07,900.00,9.17,0.00,69.19,107.72,0.00,12.00,
1/8/2026,6:33:16 PM,10.00,10.05,3.40,25.48,2.19,1.35,0.00,11.32,179.52,0.10,-0.62,74.06,900.00,9.17,0.00,69.17,107.71,0.00,12.00,
1/8/2026,6:34:18 PM,10.00,10.05,3.40,25.36,2.19,1.37,0.00,11.57,167.64,0.10,-0.62,74.05,900.00,9.17,0.00,69.15,107.70,0.00,12.00,
1/8/2026,6:35:20 PM,10.00,10.05,3.40,25.41,2.19,1.41,0.00,12.35,179.46,0.10,-0.62,74.16,900.00,9.18,0.00,69.16,107.71,0.00,12.00,
1/8/2026,6:36:21 PM,10.00,10.05,3.40,25.45,2.19,1.40,0.00,11.84,156.35,0.10,-0.62,74.19,900.00,9.17,0.00,69.18,107.71,0.00,12.00,
1/8/2026,6:37:23 PM,10.00,10.05,3.40,25.48,2.19,1.35,0.00,11.83,152.79,0.10,-0.62,74.08,900.00,9.17,0.00,69.16,107.71,0.00,12.00,
1/8/2026,6:38:25 PM,10.00,10.05,3.40,25.39,2.19,1.38,0.00,11.82,167.73,0.10,-0.62,74.15,900.00,9.17,0.00,69.15,107.71,0.00,12.00,
1/8/2026,6:39:27 PM,10.00,10.05,3.40,25.49,2.19,1.38,0.00,11.57,163.75,0.10,-0.62,74.05,900.00,9.17,0.00,69.16,107.71,0.00,12.00,
1/8/2026,6:40:28 PM,10.00,10.05,3.40,25.35,2.19,1.37,0.00,11.58,167.87,0.10,-0.62,74.20,900.00,9.17,0.00,69.15,107.71,0.00,12.00,
1/8/2026,6:41:30 PM,10.00,10.05,3.40,25.42,2.19,1.35,0.00,11.56,171.45,0.10,-0.62,74.14,900.00,9.17,0.00,69.16,107.72,0.00,12.00,
1/8/2026,6:42:32 PM,10.00,10.05,3.40,25.38,2.19,1.33,0.00,11.79,156.30,0.10,-0.62,74.14,900.00,9.16,0.00,69.18,107.70,0.00,12.00,
1/8/2026,6:43:34 PM,10.00,10.05,3.40,25.45,2.19,1.41,0.00,11.56,160.01,0.10,-0.62,74.18,900.00,9.18,0.00,69.15,107.71,0.00,12.00,
1/8/2026,6:44:36 PM,10.00,10.05,3.40,25.44,2.19,1.46,0.00,11.58,167.79,0.10,-0.62,74.34,905.00,9.17,0.00,69.71,108.25,0.00,12.00,
1/8/2026,6:45:38 PM,10.00,10.04,3.40,25.45,2.19,1.51,0.00,12.94,167.51,0.10,-0.59,73.62,880.00,9.17,0.00,66.92,105.43,0.00,12.00,
1/8/2026,6:46:39 PM,10.00,10.05,3.40,25.47,2.19,1.52,0.00,12.08,175.75,0.10,-0.62,74.06,900.00,9.17,0.00,69.15,107.71,0.00,12.00,
1/8/2026,6:47:41 PM,10.00,10.05,3.40,25.45,2.19,1.49,0.00,11.82,175.48,0.10,-0.62,74.09,900.00,9.17,0.00,69.16,107.72,0.00,12.00,
1/8/2026,6:48:43 PM,10.00,10.05,3.40,25.41,2.19,1.48,0.00,11.84,163.92,0.10,-0.62,74.06,900.00,9.17,0.00,69.16,107.72,0.00,12.00,
1/8/2026,6:49:45 PM,10.00,10.05,3.40,25.30,2.19,1.51,0.00,11.86,167.63,0.10,-0.63,74.38,910.00,9.17,0.00,70.26,108.82,0.00,12.00,
1/8/2026,6:50:47 PM,10.00,10.05,3.40,25.49,2.19,1.50,0.00,11.82,179.24,0.10,-0.63,74.39,910.00,9.18,0.00,70.28,108.82,0.00,12.00,
1/8/2026,6:51:49 PM,10.00,10.05,3.40,25.39,2.19,1.49,0.00,28.64,187.53,0.10,-0.63,74.43,910.00,9.17,0.00,70.27,108.82,0.00,12.00,
1/8/2026,6:52:50 PM,10.00,10.05,3.40,25.47,2.19,1.52,0.00,22.84,192.19,0.10,-0.63,74.44,910.00,9.17,0.00,70.27,108.82,0.00,12.00,
1/8/2026,6:53:52 PM,10.00,10.05,3.40,25.38,2.19,1.45,0.00,25.32,183.45,0.10,-0.63,74.40,910.00,9.17,0.00,70.28,108.82,0.00,12.00,
1/8/2026,6:54:54 PM,10.00,10.05,3.40,25.44,2.19,1.44,0.00,24.48,192.16,0.10,-0.63,74.44,910.00,9.18,0.00,70.28,108.81,0.00,12.00,
1/8/2026,6:55:56 PM,10.00,10.05,3.40,-0.21,2.19,0.06,0.00,99.94,192.21,0.10,0.01,-0.68,910.00,0.00,0.00,0.00,16.86,0.00,12.00,
1/8/2026,6:56:25 PM,10.00,10.03,3.40,-0.20,2.19,0.02,0.00,16.34,167.81,0.10,0.01,-0.69,880.00,0.00,0.00,0.00,0.00,0.00,12.00,arc event
1/8/2026,6:57:26 PM,10.00,10.02,3.40,-0.20,2.19,0.08,0.00,11.05,175.59,0.10,0.01,-0.69,880.00,0.00,0.00,0.00,0.00,0.00,12.00,
1/8/2026,6:58:26 PM,10.00,10.01,3.40,-0.20,2.19,0.11,0.00,9.97,171.71,0.10,0.01,-0.73,880.00,0.00,0.00,0.00,0.00,0.00,12.00,
1/8/2026,6:59:27 PM,10.00,10.01,3.40,-0.20,2.19,0.10,0.00,8.85,187.65,0.10,0.01,-0.67,880.00,0.00,0.00,0.00,0.00,0.00,12.00,
1/8/2026,7:00:28 PM,10.00,10.01,3.40,-0.20,2.19,0.04,0.00,8.46,183.54,0.10,0.01,-0.67,880.00,0.00,0.00,0.00,0.00,0.00,12.00,
1/8/2026,7:01:29 PM,10.00,10.01,3.40,-0.20,2.19,0.10,0.00,8.11,201.19,0.10,0.01,-0.70,880.00,0.00,0.00,0.00,0.00,0.00,12.00,
1/8/2026,7:02:29 PM,10.00,10.01,3.40,-0.19,2.19,0.08,0.00,8.05,191.92,0.10,0.01,-0.64,880.00,0.00,0.00,0.00,0.00,0.00,12.00,
1/8/2026,7:03:30 PM,10.00,0.01,0.00,-0.20,2.19,0.11,0.00,7.33,163.86,0.10,0.02,-0.67,880.00,0.00,0.00,0.00,0.00,0.00,12.00,
1/8/2026,7:04:30 PM,10.00,0.01,0.00,-0.19,2.19,0.10,0.00,7.09,175.85,0.10,0.01,-0.63,880.00,0.00,0.00,0.00,0.00,0.00,12.00,
1/8/2026,7:05:35 PM,10.00,0.01,0.00,-0.21,2.19,0.04,0.00,6.77,183.57,0.10,0.01,-0.70,880.00,0.00,0.00,0.00,0.00,0.00,12.00,
1/8/2026,7:06:45 PM,10.00,0.01,0.00,-0.32,2.19,-0.03,0.00,0.10,0.02,0.11,0.01,-0.65,880.00,0.00,0.00,0.00,0.00,0.00,12.00,
1/8/2026,7:07:50 PM,10.00,0.01,0.00,-0.32,2.19,-0.05,0.00,0.10,132.57,0.11,0.01,-0.69,880.00,0.00,0.00,0.00,0.00,0.00,12.00,
1/8/2026,7:08:55 PM,10.00,0.01,0.00,-0.32,2.19,0.03,0.00,0.10,138.73,0.11,0.01,-0.69,880.00,0.00,0.00,0.00,0.00,0.00,12.00,
1/8/2026,7:10:05 PM,10.00,0.01,0.00,-0.31,2.19,-0.04,0.00,0.10,145.60,0.11,0.01,-0.68,880.00,0.00,0.00,0.00,0.00,0.00,12.00,
1/8/2026,7:11:11 PM,10.00,0.01,0.00,-0.32,2.19,-0.01,0.00,0.10,135.70,0.11,0.01,-0.63,880.00,0.00,0.00,0.00,0.00,0.00,12.00,
1/8/2026,7:12:16 PM,10.00,0.01,0.00,-0.32,2.19,0.03,0.00,0.10,135.68,0.11,0.01,-0.72,880.00,0.00,0.00,0.00,0.00,0.00,12.00,
1/8/2026,7:13:22 PM,10.00,0.01,0.00,-0.32,2.19,-0.01,0.00,0.10,138.85,0.11,0.01,-0.61,880.00,0.00,0.00,0.00,0.00,0.00,12.00,
1/8/2026,7:14:28 PM,10.00,0.01,0.00,-0.31,2.19,-0.04,0.00,0.10,112.98,0.11,0.01,-0.62,880.00,0.00,0.00,0.00,0.00,0.00,12.00,
1/8/2026,7:15:34 PM,10.00,0.01,0.00,-0.31,2.19,-0.02,0.00,0.10,110.52,0.11,0.01,-0.62,880.00,0.00,0.00,0.00,0.00,0.00,12.00,
1/8/2026,7:16:41 PM,10.00,0.01,0.00,-0.32,2.19,-0.03,0.00,0.10,110.51,0.11,0.01,-0.63,880.00,0.00,0.00,0.00,0.00,0.00,12.00,
1/8/2026,7:17:48 PM,10.00,0.01,0.00,-0.32,2.19,0.01,0.00,0.10,110.56,0.11,0.01,-0.67,880.00,0.00,0.00,0.00,0.00,0.00,12.00,
1/8/2026,7:18:55 PM,10.00,0.01,0.00,-0.32,2.19,-0.04,0.00,0.10,110.54,0.11,0.01,-0.72,880.00,0.00,0.00,0.00,0.00,0.00,12.00,
1/8/2026,7:20:02 PM,10.00,0.01,0.00,-0.32,2.19,0.05,0.00,0.10,110.45,0.11,0.01,-0.70,880.00,0.00,0.00,0.00,0.00,0.00,12.00,
1/8/2026,7:21:12 PM,10.00,0.01,0.00,-0.31,2.19,0.01,0.00,0.10,110.49,0.11,0.01,-0.70,880.00,0.00,0.00,0.00,0.00,0.00,12.00,
1/8/2026,7:22:21 PM,10.00,0.01,0.00,-0.32,2.19,-0.01,0.00,0.10,110.47,0.11,0.01,-0.67,880.00,0.00,0.00,0.00,0.00,0.00,12.00,
1/8/2026,7:23:31 PM,10.00,0.01,0.00,-0.32,2.19,-0.02,0.00,0.10,112.96,0.11,0.01,-0.72,880.00,0.00,0.00,0.00,0.00,0.00,12.00,
1/8/2026,7:24:42 PM,10.00,0.01,0.00,-0.32,2.19,-0.01,0.00,0.10,113.06,0.11,0.01,-0.73,880.00,0.00,0.00,0.00,0.00,0.00,12.00,
1/8/2026,7:25:53 PM,10.00,0.01,0.00,-0.32,2.19,-0.03,0.00,0.10,105.48,0.11,0.01,-0.70,880.00,0.00,0.00,0.00,0.00,0.00,12.00,
1/8/2026,7:27:05 PM,10.00,0.01,0.00,-0.32,2.19,-0.02,0.00,0.10,105.46,0.11,0.01,-0.68,880.00,0.00,0.00,0.00,0.00,0.00,12.00,
1/8/2026,7:28:19 PM,10.00,0.01,0.00,-0.32,2.19,0.06,0.00,0.10,105.50,0.11,0.01,-0.70,880.00,0.00,0.00,0.00,0.00,0.00,12.00,
1/8/2026,7:29:32 PM,10.00,0.01,0.00,-0.32,2.19,-0.02,0.00,0.10,108.03,0.11,0.01,-0.73,880.00,0.00,0.00,0.00,0.00,0.00,12.00,
1/8/2026,7:30:46 PM,10.00,0.01,0.00,-0.32,2.19,0.01,0.00,0.10,107.97,0.11,0.01,-0.69,880.00,0.00,0.00,0.00,0.00,0.00,12.00,
1/8/2026,7:32:01 PM,10.00,0.01,0.00,-0.32,2.19,0.06,0.00,0.10,107.94,0.11,0.01,-0.71,880.00,0.00,0.00,0.00,0.00,0.00,12.00,
1/8/2026,7:33:15 PM,10.00,0.01,0.00,-0.31,2.19,0.04,0.00,0.10,108.01,0.11,0.01,-0.70,880.00,0.00,0.00,0.00,0.00,0.00,12.00,
1/8/2026,7:34:32 PM,10.00,0.01,0.00,-0.32,2.19,0.01,0.00,0.10,107.95,0.11,0.01,-0.70,880.00,0.00,0.00,0.00,0.00,0.00,12.00,
1/8/2026,7:35:47 PM,10.00,0.01,0.00,-0.32,2.19,0.02,0.00,0.10,110.50,0.11,0.01,-0.70,880.00,0.00,0.00,0.00,0.00,0.00,12.00,
1/8/2026,7:37:05 PM,10.00,0.01,0.00,-0.32,2.19,0.00,0.00,0.10,110.55,0.11,0.01,-0.70,880.00,0.00,0.00,0.00,0.00,0.00,12.00,
1/8/2026,7:38:21 PM,10.00,0.01,0.00,-0.32,2.19,0.04,0.00,0.10,113.02,0.11,0.01,-0.69,880.00,0.00,0.00,0.00,0.00,0.00,12.00,
1/8/2026,7:39:37 PM,10.00,0.01,0.00,-0.32,2.19,0.00,0.00,0.10,113.06,0.11,0.01,-0.68,880.00,0.00,0.00,0.00,0.00,0.00,12.00,
1/8/2026,7:40:54 PM,10.00,0.01,0.00,-0.32,2.19,0.01,0.00,0.10,115.70,0.11,0.01,-0.72,880.00,0.00,0.00,0.00,0.00,0.00,12.00,
1/8/2026,7:42:10 PM,10.00,0.01,0.00,-0.31,2.19,-0.02,0.00,0.10,118.24,0.11,0.01,-0.67,880.00,0.00,0.00,0.00,0.00,0.00,12.00,
1/8/2026,7:43:24 PM,10.00,0.01,0.00,-0.32,2.19,0.05,0.00,0.10,105.61,0.11,0.01,-0.70,880.00,0.00,0.00,0.00,0.00,0.00,12.00,
1/8/2026,7:44:41 PM,10.00,0.01,0.00,-0.33,2.19,0.02,0.00,0.10,105.52,0.11,0.01,-0.69,880.00,0.00,0.00,0.00,0.00,0.00,12.00,
1/8/2026,7:45:58 PM,10.00,0.01,0.00,-0.32,2.19,0.08,0.00,0.10,108.09,0.11,0.01,-0.69,880.00,0.00,0.00,0.00,0.00,0.00,12.00,
1/8/2026,7:47:12 PM,10.00,0.01,0.00,-0.31,2.19,-0.00,0.00,0.10,108.03,0.11,0.01,-0.71,880.00,0.00,0.00,0.00,0.00,0.00,12.00,
1/8/2026,7:48:26 PM,10.00,0.01,0.00,-0.32,2.19,0.06,0.00,0.10,108.05,0.11,0.01,-0.70,880.00,0.00,0.00,0.00,0.00,0.00,12.00,
1/8/2026,7:49:41 PM,10.00,0.01,0.00,-0.32,2.19,-0.03,0.00,0.10,108.10,0.11,0.01,-0.69,880.00,0.00,0.00,0.00,0.00,0.00,12.00,
1/8/2026,7:50:58 PM,10.00,0.01,0.00,-0.31,2.19,0.07,0.00,0.10,108.19,0.11,0.01,-0.71,880.00,0.00,0.00,0.00,0.00,0.00,12.00,
1/8/2026,7:52:14 PM,10.00,0.01,0.00,-0.32,2.19,0.06,0.00,0.10,108.14,0.11,0.01,-0.72,880.00,0.00,0.00,0.00,0.00,0.00,12.00,
1/8/2026,7:53:31 PM,10.00,0.01,0.00,-0.31,2.19,0.02,0.00,0.10,108.08,0.11,0.01,-0.67,880.00,0.00,0.00,0.00,0.00,0.00,12.00,
1/8/2026,7:54:50 PM,10.00,0.01,0.00,-0.32,2.19,0.03,0.00,0.10,108.11,0.11,0.01,-0.73,880.00,0.00,0.00,0.00,0.00,0.00,12.00,
1/8/2026,7:56:11 PM,10.00,0.01,0.00,-0.32,2.19,-0.03,0.00,0.10,108.07,0.11,0.01,-0.71,880.00,0.00,0.00,0.00,0.00,0.00,12.00,
1/8/2026,7:57:33 PM,10.00,0.01,0.00,-0.33,2.19,0.07,0.00,0.10,110.62,0.11,0.01,-0.75,880.00,0.00,0.00,0.00,0.00,0.00,12.00,
1/8/2026,7:58:56 PM,10.00,0.01,0.00,-0.31,2.19,-0.03,0.00,0.10,110.49,0.11,0.01,-0.68,880.00,0.00,0.00,0.00,0.00,0.00,12.00,
1/8/2026,8:00:19 PM,10.00,0.01,0.00,-0.32,2.19,0.04,0.00,0.10,110.64,0.11,0.01,-0.72,880.00,0.00,0.00,0.00,0.00,0.00,12.00,
1/8/2026,8:01:42 PM,10.00,0.01,0.00,-0.32,2.19,0.00,0.00,0.10,110.64,0.11,0.01,-0.68,880.00,0.00,0.00,0.00,0.00,0.00,12.00,
1/8/2026,8:03:07 PM,10.00,0.01,0.00,-0.31,2.19,-0.02,0.00,0.10,110.52,0.11,0.01,-0.66,880.00,0.00,0.00,0.00,0.00,0.00,12.00,
1/8/2026,8:04:30 PM,10.00,0.01,0.00,-0.32,2.19,0.07,0.00,0.10,110.53,0.11,0.01,-0.68,880.00,0.00,0.00,0.00,0.00,0.00,12.00,
1/8/2026,8:05:54 PM,10.00,0.01,0.00,-0.32,2.19,-0.00,0.00,0.10,105.56,0.11,0.01,-0.76,880.00,0.00,0.00,0.00,0.00,0.00,12.00,
1/8/2026,8:07:17 PM,10.00,0.01,0.00,-0.32,2.19,-0.02,0.00,0.10,108.03,0.11,0.01,-0.67,880.00,0.00,0.00,0.00,0.00,0.00,12.00,
1/8/2026,8:08:39 PM,10.00,0.01,0.00,-0.32,2.19,-0.03,0.00,0.10,108.18,0.11,0.01,-0.67,880.00,0.00,0.00,0.00,0.00,0.00,12.00,
1/8/2026,8:10:01 PM,10.00,0.01,0.00,-0.32,2.19,-0.02,0.00,0.10,108.07,0.11,0.01,-0.70,880.00,0.00,0.00,0.00,0.00,0.00,12.00,
1/8/2026,8:11:22 PM,10.00,0.01,0.00,-0.31,2.19,0.08,0.00,0.10,108.23,0.11,0.01,-0.70,880.00,0.00,0.00,0.00,0.00,0.00,12.00,
1/8/2026,8:12:43 PM,10.00,0.01,0.00,-0.32,2.19,-0.02,0.00,0.10,108.15,0.11,0.01,-0.70,880.00,0.00,0.00,0.00,0.00,0.00,12.00,
1/8/2026,8:14:03 PM,10.00,0.01,0.00,-0.32,2.19,-0.03,0.00,0.10,110.75,0.11,0.01,-0.69,880.00,0.00,0.00,0.00,0.00,0.00,12.00,
1/8/2026,8:15:23 PM,10.00,0.01,0.00,-0.32,2.19,-0.03,0.00,0.10,110.67,0.11,0.01,-0.69,880.00,0.00,0.00,0.00,0.00,0.00,12.00,
1/8/2026,8:16:42 PM,10.00,0.01,0.00,-0.32,2.19,-0.03,0.00,0.10,110.66,0.11,0.01,-0.66,880.00,0.00,0.00,0.00,0.00,0.00,12.00,
1/8/2026,8:18:02 PM,10.00,0.01,0.00,-0.32,2.19,0.03,0.00,0.10,110.56,0.11,0.01,-0.68,880.00,0.00,0.00,0.00,0.00,0.00,12.00,
1/8/2026,8:19:24 PM,10.00,0.01,0.00,-0.32,2.19,0.08,0.00,0.10,113.18,0.11,0.01,-0.71,880.00,0.00,0.00,0.00,0.00,0.00,12.00,
1/8/2026,8:20:42 PM,10.00,0.01,0.00,-0.31,2.19,0.07,0.00,0.10,113.27,0.11,0.01,-0.71,880.00,0.00,0.00,0.00,0.00,0.00,12.00,
1/8/2026,8:22:04 PM,10.00,0.01,0.00,-0.32,2.19,-0.03,0.00,0.10,113.23,0.11,0.01,-0.73,880.00,0.00,0.00,0.00,0.00,0.00,12.00,
1/8/2026,8:23:23 PM,10.00,0.01,0.00,-0.32,2.19,0.07,0.00,0.10,115.74,0.11,0.01,-0.70,880.00,0.00,0.00,0.00,0.00,0.00,12.00,
1/8/2026,8:24:44 PM,10.00,0.01,0.00,-0.31,2.19,-0.03,0.00,0.10,113.12,0.11,0.01,-0.68,880.00,0.00,0.00,0.00,0.00,0.00,12.00,
1/8/2026,8:26:04 PM,10.00,0.01,0.00,-0.32,2.19,0.01,0.00,0.10,113.16,0.11,0.01,-0.71,880.00,0.00,0.00,0.00,0.00,0.00,12.00,
1/8/2026,8:27:24 PM,10.00,0.01,0.00,-0.32,2.19,-0.01,0.00,0.10,113.25,0.11,0.01,-0.70,880.00,0.00,0.00,0.00,0.00,0.00,12.00,
1/8/2026,8:28:44 PM,10.00,0.01,0.00,-0.32,2.19,0.08,0.00,0.10,113.33,0.11,0.01,-0.69,880.00,0.00,0.00,0.00,0.00,0.00,12.00,
1/8/2026,8:30:00 PM,10.00,0.01,0.00,-0.32,2.19,0.00,0.00,0.10,113.15,0.11,0.01,-0.71,880.00,0.00,0.00,0.00,0.00,0.00,12.00,
1/8/2026,8:31:19 PM,10.00,0.01,0.00,-0.32,2.19,-0.04,0.00,0.10,113.16,0.11,0.01,-0.77,880.00,0.00,0.00,0.00,0.00,0.00,12.00,
1/8/2026,8:32:41 PM,10.00,0.01,0.00,-0.32,2.19,0.04,0.00,0.10,115.75,0.11,0.01,-0.72,880.00,0.00,0.00,0.00,0.00,0.00,12.00,
1/8/2026,8:34:01 PM,10.00,0.01,0.00,-0.32,2.19,-0.02,0.00,0.10,115.81,0.11,0.01,-0.69,880.00,0.00,0.00,0.00,0.00,0.00,12.00,
1/8/2026,8:35:22 PM,10.00,0.01,0.00,-0.32,2.19,0.03,0.00,0.10,115.88,0.11,0.01,-0.68,880.00,0.00,0.00,0.00,0.00,0.00,12.00,
1/8/2026,8:36:43 PM,10.00,0.01,0.00,-0.32,2.19,-0.01,0.00,0.10,115.80,0.11,0.01,-0.71,880.00,0.00,0.00,0.00,0.00,0.00,12.00,
1/8/2026,8:38:03 PM,10.00,0.01,0.00,-0.32,2.19,-0.01,0.00,0.10,115.90,0.11,0.01,-0.69,880.00,0.00,0.00,0.00,0.00,0.00,12.00,
1/8/2026,8:39:24 PM,10.00,0.01,0.00,-0.32,2.19,0.02,0.00,0.10,115.78,0.11,0.01,-0.68,880.00,0.00,0.00,0.00,0.00,0.00,12.00,
1/8/2026,8:40:47 PM,10.00,0.01,0.00,-0.32,2.19,-0.01,0.00,0.10,115.90,0.11,0.01,-0.68,880.00,0.00,0.00,0.00,0.00,0.00,12.00,
1/8/2026,8:42:09 PM,10.00,0.01,0.00,-0.32,2.19,0.02,0.00,0.10,118.56,0.11,0.01,-0.67,880.00,0.00,0.00,0.00,0.00,0.00,12.00,
1/8/2026,8:43:31 PM,10.00,0.01,0.00,-0.32,2.19,-0.04,0.00,0.10,118.43,0.11,0.01,-0.79,880.00,0.00,0.00,0.00,0.00,0.00,12.00,
1/8/2026,8:44:55 PM,10.00,0.01,0.00,-0.32,2.19,0.01,0.00,0.10,118.33,0.11,0.01,-0.72,880.00,0.00,0.00,0.00,0.00,0.00,12.00,
1/8/2026,8:46:16 PM,10.00,0.01,0.00,-0.32,2.19,0.05,0.00,0.10,118.65,0.11,0.01,-0.68,880.00,0.00,0.00,0.00,0.00,0.00,12.00,
1/8/2026,8:47:39 PM,10.00,0.01,0.00,-0.32,2.19,-0.03,0.00,0.10,118.47,0.11,0.01,-0.68,880.00,0.00,0.00,0.00,0.00,0.00,12.00,
1/8/2026,8:49:01 PM,10.00,0.01,0.00,-0.32,2.19,-0.02,0.00,0.10,121.18,0.11,0.01,-0.70,880.00,0.00,0.00,0.00,0.00,0.00,12.00,
1/8/2026,8:50:24 PM,10.00,0.01,0.00,-0.32,2.19,0.07,0.00,0.10,121.13,0.11,0.01,-0.71,880.00,0.00,0.00,0.00,0.00,0.00,12.00,
1/8/2026,8:51:49 PM,10.00,0.01,0.00,-0.32,2.19,0.09,0.00,0.10,121.26,0.11,0.01,-0.70,880.00,0.00,0.00,0.00,0.00,0.00,12.00,
1/8/2026,8:53:15 PM,10.00,0.01,0.00,-0.32,2.19,0.08,0.00,0.10,121.28,0.11,0.01,-0.74,880.00,0.00,0.00,0.00,0.00,0.00,12.00,
1/8/2026,8:54:37 PM,10.00,0.01,0.00,-0.32,2.19,0.02,0.00,0.10,121.23,0.11,0.01,-0.68,880.00,0.00,0.00,0.00,0.00,0.00,12.00,
1/8/2026,8:56:02 PM,10.00,0.01,0.00,-0.32,2.19,-0.03,0.00,0.10,123.94,0.11,0.01,-0.68,880.00,0.00,0.00,0.00,0.00,0.00,12.00,
1/8/2026,8:57:28 PM,10.00,0.01,0.00,-0.32,2.19,-0.04,0.00,0.10,123.84,0.11,0.01,-0.72,880.00,0.00,0.00,0.00,0.00,0.00,12.00,
1/8/2026,8:58:53 PM,10.00,0.01,0.00,-0.32,2.19,0.08,0.00,0.10,123.87,0.11,0.01,-0.69,880.00,0.00,0.00,0.00,0.00,0.00,12.00,
1/8/2026,9:00:18 PM,10.00,0.01,0.00,-0.32,2.19,-0.03,0.00,0.10,123.92,0.11,0.01,-0.75,880.00,0.00,0.00,0.00,0.00,0.00,12.00,
1/8/2026,9:01:43 PM,10.00,0.01,0.00,-0.31,2.19,-0.01,0.00,0.10,123.86,0.11,0.01,-0.73,880.00,0.00,0.00,0.00,0.00,0.00,12.00,
1/8/2026,9:03:09 PM,10.00,0.01,0.00,-0.32,2.19,-0.01,0.00,0.10,126.75,0.11,0.01,-0.70,880.00,0.00,0.00,0.00,0.00,0.00,12.00,
1/8/2026,9:04:36 PM,10.00,0.01,0.00,-0.31,2.19,0.09,0.00,0.10,126.83,0.11,0.01,-0.68,880.00,0.00,0.00,0.00,0.00,0.00,12.00,
1/8/2026,9:06:04 PM,10.00,0.01,0.00,-0.32,2.19,0.01,0.00,0.10,126.90,0.11,0.01,-0.70,880.00,0.00,0.00,0.00,0.00,0.00,12.00,
1/8/2026,9:07:31 PM,10.00,0.01,0.00,-0.32,2.19,0.04,0.00,0.10,129.89,0.11,0.01,-0.73,880.00,0.00,0.00,0.00,0.00,0.00,12.00,
1/8/2026,9:08:59 PM,10.00,0.01,0.00,-0.32,2.19,0.00,0.00,0.10,129.74,0.11,0.01,-0.72,880.00,0.00,0.00,0.00,0.00,0.00,12.00,
1/8/2026,9:10:27 PM,10.00,0.01,0.00,-0.32,2.19,0.03,0.00,0.10,132.87,0.11,0.01,-0.71,880.00,0.00,0.00,0.00,0.00,0.00,12.00,
1/8/2026,9:11:56 PM,10.00,0.01,0.00,-0.31,2.19,0.08,0.00,0.10,132.89,0.11,0.01,-0.72,880.00,0.00,0.00,0.00,0.00,0.00,12.00,
1/8/2026,9:13:27 PM,10.00,0.01,0.00,-0.32,2.19,-0.01,0.00,0.10,132.71,0.11,0.01,-0.69,880.00,0.00,0.00,0.00,0.00,0.00,12.00,
1/8/2026,9:14:58 PM,10.00,0.01,0.00,-0.32,2.19,-0.01,0.00,0.10,132.85,0.11,0.01,-0.72,880.00,0.00,0.00,0.00,0.00,0.00,12.00,
1/8/2026,9:16:30 PM,10.00,0.01,0.00,-0.32,2.19,-0.03,0.00,0.10,132.69,0.11,0.01,-0.71,880.00,0.00,0.00,0.00,0.00,0.00,12.00,
1/8/2026,9:18:02 PM,10.00,0.01,0.00,-0.31,2.19,-0.05,0.00,0.10,135.81,0.11,0.01,-0.68,880.00,0.00,0.00,0.00,0.00,0.00,12.00,
1/8/2026,9:19:34 PM,10.00,0.01,0.00,-0.32,2.19,-0.02,0.00,0.10,135.81,0.11,0.01,-0.69,880.00,0.00,0.00,0.00,0.00,0.00,12.00,
1/8/2026,9:21:04 PM,10.00,0.01,0.00,-0.32,2.19,0.03,0.00,0.10,139.19,0.11,0.01,-0.70,880.00,0.00,0.00,0.00,0.00,0.00,12.00,
1/8/2026,9:22:38 PM,10.00,0.01,0.00,-0.32,2.19,-0.00,0.00,0.10,139.10,0.11,0.01,-0.73,880.00,0.00,0.00,0.00,0.00,0.00,12.00,
1/8/2026,9:24:10 PM,10.00,0.01,0.00,-0.32,2.19,0.08,0.00,0.10,139.22,0.11,0.01,-0.71,880.00,0.00,0.00,0.00,0.00,0.00,12.00,
1/8/2026,9:25:46 PM,10.00,0.01,0.00,-0.32,2.19,0.01,0.00,0.10,142.50,0.11,0.01,-0.73,880.00,0.00,0.00,0.00,0.00,0.00,12.00,
1/8/2026,9:27:20 PM,10.00,0.01,0.00,-0.33,2.19,0.03,0.00,0.10,145.76,0.11,0.01,-0.73,880.00,0.00,0.00,0.00,0.00,0.00,12.00,
1/8/2026,9:28:57 PM,10.00,0.01,0.00,-0.33,2.19,0.01,0.00,0.10,142.37,0.11,0.01,-0.68,880.00,0.00,0.00,0.00,0.00,0.00,12.00,
1/8/2026,9:30:34 PM,10.00,0.01,0.00,-0.32,2.19,0.03,0.00,0.10,139.17,0.11,0.01,-0.75,880.00,0.00,0.00,0.00,0.00,0.00,12.00,
1/8/2026,9:32:07 PM,10.00,0.01,0.00,-0.32,2.19,0.02,0.00,0.10,139.08,0.11,0.01,-0.71,880.00,0.00,0.00,0.00,0.00,0.00,12.00,
1/8/2026,9:33:40 PM,10.00,0.01,0.00,-0.32,2.19,0.02,0.00,0.10,135.84,0.11,0.01,-0.70,880.00,0.00,0.00,0.00,0.00,0.00,12.00,
1/8/2026,9:35:15 PM,10.00,0.01,0.00,-0.31,2.19,0.03,0.00,0.10,135.95,0.11,0.01,-0.69,880.00,0.00,0.00,0.00,0.00,0.00,12.00,
1/8/2026,9:36:53 PM,10.00,0.01,0.00,-0.32,2.19,0.01,0.00,0.10,139.11,0.11,0.01,-0.64,880.00,0.00,0.00,0.00,0.00,0.00,12.00,
1/8/2026,9:38:28 PM,10.00,0.01,0.00,-0.32,2.19,-0.01,0.00,0.10,139.12,0.11,0.01,-0.72,880.00,0.00,0.00,0.00,0.00,0.00,12.00,
1/8/2026,9:40:06 PM,10.00,0.01,0.00,-0.32,2.19,0.00,0.00,0.10,139.10,0.11,0.01,-0.69,880.00,0.00,0.00,0.00,0.00,0.00,12.00,
1/8/2026,9:41:43 PM,10.00,0.01,0.00,-0.32,2.19,-0.05,0.00,0.10,142.56,0.11,0.01,-0.71,880.00,0.00,0.00,0.00,0.00,0.00,12.00,
1/8/2026,9:43:23 PM,10.00,0.01,0.00,-0.32,2.19,0.01,0.00,0.10,142.25,0.11,0.01,-0.73,880.00,0.00,0.00,0.00,0.00,0.00,12.00,
1/8/2026,9:45:03 PM,10.00,0.01,0.00,-0.32,2.19,0.00,0.00,0.10,142.34,0.11,0.01,-0.70,880.00,0.00,0.00,0.00,0.00,0.00,12.00,
1/8/2026,9:46:41 PM,10.00,0.01,0.00,-0.32,2.19,0.03,0.00,0.10,145.85,0.11,0.01,-0.67,880.00,0.00,0.00,0.00,0.00,0.00,12.00,
1/8/2026,9:48:21 PM,10.00,0.01,0.00,-0.32,2.19,0.09,0.00,0.10,145.73,0.11,0.01,-0.74,880.00,0.00,0.00,0.00,0.00,0.00,12.00,
1/8/2026,9:50:01 PM,10.00,0.01,0.00,-0.32,2.19,0.06,0.00,0.10,149.24,0.11,0.01,-0.69,880.00,0.00,0.00,0.00,0.00,0.00,12.00,
1/8/2026,9:51:39 PM,10.00,0.01,0.00,-0.33,2.19,0.07,0.00,0.10,149.24,0.11,0.01,-0.70,880.00,0.00,0.00,0.00,0.00,0.00,12.00,
1/8/2026,9:53:20 PM,10.00,0.01,0.00,-0.32,2.19,-0.02,0.00,0.10,152.67,0.11,0.01,-0.70,880.00,0.00,0.00,0.00,0.00,0.00,12.00,
1/8/2026,9:54:59 PM,10.00,0.01,0.00,-0.32,2.19,-0.03,0.00,0.10,149.18,0.11,0.01,-0.71,880.00,0.00,0.00,0.00,0.00,0.00,12.00,
1/8/2026,9:56:35 PM,10.00,0.01,0.00,-0.31,2.19,-0.03,0.00,0.10,152.69,0.11,0.01,-0.69,880.00,0.00,0.00,0.00,0.00,0.00,12.00,
1/8/2026,9:58:13 PM,10.00,0.01,0.00,-0.32,2.19,0.01,0.00,0.10,152.66,0.11,0.01,-0.72,880.00,0.00,0.00,0.00,0.00,0.00,12.00,
1/8/2026,9:59:53 PM,10.00,0.01,0.00,-0.32,2.19,0.06,0.00,0.10,156.30,0.11,0.01,-0.70,880.00,0.00,0.00,0.00,0.00,0.00,12.00,
1/8/2026,10:01:31 PM,10.00,0.01,0.00,-0.32,2.19,0.00,0.00,0.10,160.05,0.11,0.01,-0.72,880.00,0.00,0.00,0.00,0.00,0.00,12.00,
1/8/2026,10:03:10 PM,10.00,0.01,0.00,-0.32,2.19,0.05,0.00,0.10,139.02,0.11,0.01,-0.73,880.00,0.00,0.00,0.00,0.00,0.00,12.00,
1/8/2026,10:04:47 PM,10.00,0.01,0.00,-0.32,2.19,0.09,0.00,0.10,139.05,0.11,0.01,-0.73,880.00,0.00,0.00,0.00,0.00,0.00,12.00,
1/8/2026,10:06:28 PM,10.00,0.01,0.00,-0.32,2.19,0.07,0.00,0.10,142.45,0.11,0.01,-0.70,880.00,0.00,0.00,0.00,0.00,0.00,12.00,
1/8/2026,10:08:06 PM,10.00,0.01,0.00,-0.32,2.19,0.04,0.00,0.10,142.44,0.11,0.01,-0.71,880.00,0.00,0.00,0.00,0.00,0.00,12.00,
1/8/2026,10:09:37 PM,10.00,0.01,0.00,-0.32,2.19,0.01,0.00,0.10,142.48,0.11,0.01,-0.69,880.00,0.00,0.00,0.00,0.00,0.00,12.00,
1/8/2026,10:11:11 PM,10.00,0.01,0.00,-0.32,2.19,-0.03,0.00,0.10,142.38,0.11,0.01,-0.68,880.00,0.00,0.00,0.00,0.00,0.00,12.00,
1/8/2026,10:12:45 PM,10.00,0.01,0.00,-0.32,2.19,-0.04,0.00,0.10,145.84,0.11,0.01,-0.70,880.00,0.00,0.00,0.00,0.00,0.00,12.00,
1/8/2026,10:14:17 PM,10.00,0.01,0.00,-0.32,2.19,0.03,0.00,0.10,145.77,0.11,0.01,-0.72,880.00,0.00,0.00,0.00,0.00,0.00,12.00,
1/8/2026,10:15:50 PM,10.00,0.01,0.00,-0.32,2.19,0.04,0.00,0.10,145.69,0.11,0.01,-0.72,880.00,0.00,0.00,0.00,0.00,0.00,12.00,
1/8/2026,10:17:22 PM,10.00,0.01,0.00,-0.32,2.19,0.09,0.00,0.10,145.74,0.11,0.01,-0.72,880.00,0.00,0.00,0.00,0.00,0.00,12.00,
1/8/2026,10:18:53 PM,10.00,0.01,0.00,-0.32,2.19,-0.02,0.00,0.10,149.24,0.11,0.01,-0.67,880.00,0.00,0.00,0.00,0.00,0.00,12.00,
1/8/2026,10:20:21 PM,10.00,0.01,0.00,-0.32,2.19,-0.00,0.00,0.10,149.23,0.11,0.01,-0.73,880.00,0.00,0.00,0.00,0.00,0.00,12.00,
1/8/2026,10:21:52 PM,10.00,0.01,0.00,-0.32,2.19,0.07,0.00,0.10,149.27,0.11,0.01,-0.71,880.00,0.00,0.00,0.00,0.00,0.00,12.00,
1/8/2026,10:23:22 PM,10.00,0.01,0.00,-0.32,2.19,-0.02,0.00,0.10,152.77,0.11,0.01,-0.69,880.00,0.00,0.00,0.00,0.00,0.00,12.00,
1/8/2026,10:24:55 PM,10.00,0.01,0.00,-0.32,2.19,0.06,0.00,0.10,156.42,0.11,0.01,-0.73,880.00,0.00,0.00,0.00,0.00,0.00,12.00,
1/8/2026,10:26:27 PM,10.00,0.01,0.00,-0.32,2.19,-0.03,0.00,0.10,152.81,0.11,0.01,-0.70,880.00,0.00,0.00,0.00,0.00,0.00,12.00,
1/8/2026,10:27:57 PM,10.00,0.01,0.00,-0.32,2.19,0.05,0.00,0.10,152.67,0.11,0.01,-0.69,880.00,0.00,0.00,0.00,0.00,0.00,12.00,
1/8/2026,10:29:26 PM,10.00,0.01,0.00,-0.32,2.19,0.07,0.00,0.10,152.75,0.11,0.01,-0.66,880.00,0.00,0.00,0.00,0.00,0.00,12.00,
1/8/2026,10:30:57 PM,10.00,0.01,0.00,-0.32,2.19,0.02,0.00,0.10,156.42,0.11,0.01,-0.71,880.00,0.00,0.00,0.00,0.00,0.00,12.00,
1/8/2026,10:32:24 PM,10.00,0.01,0.00,-0.32,2.19,0.04,0.00,0.10,152.76,0.11,0.01,-0.73,880.00,0.00,0.00,0.00,0.00,0.00,12.00,
1/8/2026,10:33:54 PM,10.00,0.01,0.00,-0.32,2.19,0.05,0.00,0.10,152.75,0.11,0.01,-0.72,880.00,0.00,0.00,0.00,0.00,0.00,12.00,
1/8/2026,10:35:22 PM,10.00,0.01,0.00,-0.32,2.19,-0.03,0.00,0.10,156.40,0.11,0.01,-0.70,880.00,0.00,0.00,0.00,0.00,0.00,12.00,
1/8/2026,10:36:54 PM,10.00,0.01,0.00,-0.32,2.19,0.07,0.00,0.10,156.24,0.11,0.01,-0.69,880.00,0.00,0.00,0.00,0.00,0.00,12.00,
1/8/2026,10:38:27 PM,10.00,0.01,0.00,-0.31,2.19,-0.03,0.00,0.10,160.06,0.11,0.01,-0.68,880.00,0.00,0.00,0.00,0.00,0.00,12.00,
1/8/2026,10:39:58 PM,10.00,0.01,0.00,-0.32,2.19,0.07,0.00,0.10,160.16,0.11,0.01,-0.69,880.00,0.00,0.00,0.00,0.00,0.00,12.00,
1/8/2026,10:41:32 PM,10.00,0.01,0.00,-0.32,2.19,-0.03,0.00,0.10,163.76,0.11,0.01,-0.68,880.00,0.00,0.00,0.00,0.00,0.00,12.00,
1/8/2026,10:43:04 PM,10.00,0.01,0.00,-0.32,2.19,-0.02,0.00,0.10,160.16,0.11,0.01,-0.73,880.00,0.00,0.00,0.00,0.00,0.00,12.00,
1/8/2026,10:44:38 PM,10.00,0.01,0.00,-0.31,2.19,-0.03,0.00,0.10,159.98,0.11,0.01,-0.75,880.00,0.00,0.00,0.00,0.00,0.00,12.00,
1/8/2026,10:46:09 PM,10.00,0.01,0.00,-0.32,2.19,-0.03,0.00,0.10,163.83,0.11,0.01,-0.71,880.00,0.00,0.00,0.00,0.00,0.00,12.00,
1/8/2026,10:47:42 PM,10.00,0.01,0.00,-0.32,2.19,-0.03,0.00,0.10,163.92,0.11,0.01,-0.74,880.00,0.00,0.00,0.00,0.00,0.00,12.00,
1/8/2026,10:49:15 PM,10.00,0.01,0.00,-0.32,2.19,0.07,0.00,0.10,163.70,0.11,0.01,-0.70,880.00,0.00,0.00,0.00,0.00,0.00,12.00,
1/8/2026,10:50:46 PM,10.00,0.01,0.00,-0.32,2.19,0.08,0.00,0.10,167.75,0.11,0.01,-0.74,880.00,0.00,0.00,0.00,0.00,0.00,12.00,
1/8/2026,10:52:19 PM,10.00,0.01,0.00,-0.32,2.19,-0.01,0.00,0.10,167.78,0.11,0.01,-0.74,880.00,0.00,0.00,0.00,0.00,0.00,12.00,
1/8/2026,10:53:52 PM,10.00,0.01,0.00,-0.31,2.19,0.02,0.00,0.10,171.63,0.11,0.01,-0.69,880.00,0.00,0.00,0.00,0.00,0.00,12.00,
1/8/2026,10:55:24 PM,10.00,0.01,0.00,-0.32,2.19,-0.01,0.00,0.10,171.80,0.11,0.01,-0.68,880.00,0.00,0.00,0.00,0.00,0.00,12.00,
1/8/2026,10:56:55 PM,10.00,0.01,0.00,-0.32,2.19,0.05,0.00,0.10,175.71,0.11,0.01,-0.77,880.00,0.00,0.00,0.00,0.00,0.00,12.00,
1/8/2026,10:58:27 PM,10.00,0.01,0.00,-0.32,2.19,-0.02,0.00,0.10,179.62,0.11,0.01,-0.66,880.00,0.00,0.00,0.00,0.00,0.00,12.00,
1/8/2026,11:00:00 PM,10.00,0.01,0.00,-0.31,2.19,0.09,0.00,0.10,156.33,0.11,0.01,-0.69,880.00,0.00,0.00,0.00,0.00,0.00,12.00,
1/8/2026,11:01:34 PM,10.00,0.01,0.00,-0.32,2.19,-0.03,0.00,0.10,156.30,0.11,0.01,-0.70,880.00,0.00,0.00,0.00,0.00,0.00,12.00,
1/8/2026,11:03:08 PM,10.00,0.01,0.00,-0.32,2.19,0.05,0.00,0.10,156.28,0.11,0.01,-0.70,880.00,0.00,0.00,0.00,0.00,0.00,12.00,
1/8/2026,11:04:43 PM,10.00,0.01,0.00,-0.32,2.19,-0.03,0.00,0.10,156.35,0.11,0.01,-0.72,880.00,0.00,0.00,0.00,0.00,0.00,12.00,
1/8/2026,11:06:16 PM,10.00,0.01,0.00,-0.32,2.19,0.03,0.00,0.10,160.01,0.11,0.01,-0.72,880.00,0.00,0.00,0.00,0.00,0.00,12.00,
1/8/2026,11:07:48 PM,10.00,0.01,0.00,-0.32,2.19,-0.02,0.00,0.10,159.91,0.11,0.01,-0.72,880.00,0.00,0.00,0.00,0.00,0.00,12.00,
1/8/2026,11:09:21 PM,10.00,0.01,0.00,-0.32,2.19,0.03,0.00,0.10,163.83,0.11,0.01,-0.71,880.00,0.00,0.00,0.00,0.00,0.00,12.00,
1/8/2026,11:10:53 PM,10.00,0.01,0.00,-0.32,2.19,0.07,0.00,0.10,163.83,0.11,0.01,-0.75,880.00,0.00,0.00,0.00,0.00,0.00,12.00,
1/8/2026,11:12:23 PM,10.00,0.01,0.00,-0.32,2.19,0.02,0.00,0.10,163.85,0.11,0.01,-0.73,880.00,0.00,0.00,0.00,0.00,0.00,12.00,
1/8/2026,11:13:57 PM,10.00,0.01,0.00,-0.31,2.19,-0.03,0.00,0.10,167.63,0.11,0.01,-0.76,880.00,0.00,0.00,0.00,0.00,0.00,12.00,
1/8/2026,11:15:31 PM,10.00,0.01,0.00,-0.32,2.19,-0.04,0.00,0.10,167.66,0.11,0.01,-0.71,880.00,0.00,0.00,0.00,0.00,0.00,12.00,
1/8/2026,11:17:05 PM,10.00,0.01,0.00,-0.32,2.19,0.07,0.00,0.10,171.75,0.11,0.01,-0.73,880.00,0.00,0.00,0.00,0.00,0.00,12.00,
1/8/2026,11:18:39 PM,10.00,0.01,0.00,-0.32,2.19,-0.01,0.00,0.10,175.79,0.11,0.01,-0.68,880.00,0.00,0.00,0.00,0.00,0.00,12.00,
1/8/2026,11:20:15 PM,10.00,0.01,0.00,-0.32,2.19,0.06,0.00,0.10,179.31,0.11,0.01,-0.70,880.00,0.00,0.00,0.00,0.00,0.00,12.00,
1/8/2026,11:21:53 PM,10.00,0.01,0.00,-0.32,2.19,0.03,0.00,0.10,183.65,0.11,0.01,-0.65,880.00,0.00,0.00,0.00,0.00,0.00,12.00,
1/8/2026,11:23:26 PM,10.00,0.01,0.00,-0.32,2.19,0.05,0.00,0.10,175.62,0.11,0.01,-0.68,880.00,0.00,0.00,0.00,0.00,0.00,12.00,
1/8/2026,11:25:00 PM,10.00,0.01,0.00,-0.32,2.19,0.02,0.00,0.10,160.00,0.11,0.01,-0.79,880.00,0.00,0.00,0.00,0.00,0.00,12.00,
1/8/2026,11:26:36 PM,10.00,0.01,0.00,-0.32,2.19,-0.02,0.00,0.10,163.77,0.11,0.01,-0.71,880.00,0.00,0.00,0.00,0.00,0.00,12.00,
1/8/2026,11:28:11 PM,10.00,0.01,0.00,-0.32,2.19,-0.03,0.00,0.10,163.73,0.11,0.01,-0.69,880.00,0.00,0.00,0.00,0.00,0.00,12.00,
1/8/2026,11:29:45 PM,10.00,0.01,0.00,-0.32,2.19,0.08,0.00,0.10,163.68,0.11,0.01,-0.69,880.00,0.00,0.00,0.00,0.00,0.00,12.00,
1/8/2026,11:31:21 PM,10.00,0.01,0.00,-0.32,2.19,-0.01,0.00,0.10,167.66,0.11,0.01,-0.72,880.00,0.00,0.00,0.00,0.00,0.00,12.00,
1/8/2026,11:32:57 PM,10.00,0.01,0.00,-0.32,2.19,0.08,0.00,0.10,171.63,0.11,0.01,-0.73,880.00,0.00,0.00,0.00,0.00,0.00,12.00,
1/8/2026,11:34:35 PM,10.00,0.01,0.00,-0.32,2.19,0.08,0.00,0.10,167.70,0.11,0.01,-0.71,880.00,0.00,0.00,0.00,0.00,0.00,12.00,
1/8/2026,11:36:14 PM,10.00,0.01,0.00,-0.32,2.19,0.04,0.00,0.10,171.65,0.11,0.01,-0.76,880.00,0.00,0.00,0.00,0.00,0.00,12.00,
1/8/2026,11:37:50 PM,10.00,0.01,0.00,-0.32,2.19,0.00,0.00,0.10,179.61,0.11,0.01,-0.70,880.00,0.00,0.00,0.00,0.00,0.00,12.00,
1/8/2026,11:39:29 PM,10.00,0.01,0.00,-0.32,2.19,-0.01,0.00,0.10,156.24,0.11,0.01,-0.69,880.00,0.00,0.00,0.00,0.00,0.00,12.00,
1/8/2026,11:41:05 PM,10.00,0.01,0.00,-0.32,2.19,-0.02,0.00,0.10,160.15,0.11,0.01,-0.70,880.00,0.00,0.00,0.00,0.00,0.00,12.00,
1/8/2026,11:42:40 PM,10.00,0.01,0.00,-0.32,2.19,-0.03,0.00,0.10,159.96,0.11,0.01,-0.66,880.00,0.00,0.00,0.00,0.00,0.00,12.00,
1/8/2026,11:44:20 PM,10.00,0.01,0.00,-0.32,2.19,0.00,0.00,0.10,159.98,0.11,0.01,-0.76,880.00,0.00,0.00,0.00,0.00,0.00,12.00,
1/8/2026,11:45:56 PM,10.00,0.01,0.00,-0.32,2.19,-0.03,0.00,0.10,159.94,0.11,0.01,-0.68,880.00,0.00,0.00,0.00,0.00,0.00,12.00,
1/8/2026,11:47:34 PM,10.00,0.01,0.00,-0.31,2.19,0.04,0.00,0.10,160.01,0.11,0.01,-0.74,880.00,0.00,0.00,0.00,0.00,0.00,12.00,
1/8/2026,11:49:14 PM,10.00,0.01,0.00,-0.32,2.19,0.09,0.00,0.10,163.75,0.11,0.01,-0.73,880.00,0.00,0.00,0.00,0.00,0.00,12.00,
1/8/2026,11:50:52 PM,10.00,0.01,0.00,-0.32,2.19,-0.03,0.00,0.10,163.58,0.11,0.01,-0.74,880.00,0.00,0.00,0.00,0.00,0.00,12.00,
1/8/2026,11:52:31 PM,10.00,0.01,0.00,-0.32,2.19,0.05,0.00,0.10,156.31,0.11,0.01,-0.70,880.00,0.00,0.00,0.00,0.00,0.00,12.00,
1/8/2026,11:54:13 PM,10.00,0.01,0.00,-0.31,2.19,0.03,0.00,0.10,156.30,0.11,0.01,-0.72,880.00,0.00,0.00,0.00,0.00,0.00,12.00,
1/8/2026,11:55:54 PM,10.00,0.01,0.00,-0.32,2.19,0.06,0.00,0.10,156.27,0.11,0.01,-0.71,880.00,0.00,0.00,0.00,0.00,0.00,12.00,
1/8/2026,11:57:33 PM,10.00,0.01,0.00,-0.32,2.19,0.02,0.00,0.10,159.95,0.11,0.01,-0.67,880.00,0.00,0.00,0.00,0.00,0.00,12.00,
1/8/2026,11:59:15 PM,10.00,0.01,0.00,-0.31,2.19,0.01,0.00,0.10,156.29,0.11,0.01,-0.63,880.00,0.00,0.00,0.00,0.00,0.00,12.00,
1/9/2026,12:00:57 AM,10.00,0.01,0.00,-0.31,2.19,0.09,0.00,0.10,156.13,0.11,0.01,-0.71,880.00,0.00,0.01,0.00,0.00,0.00,12.00,
1/9/2026,12:02:35 AM,10.00,0.01,0.00,-0.32,2.19,0.07,0.00,0.10,159.98,0.11,0.01,-0.70,880.00,0.00,0.00,0.00,0.00,0.00,12.00,
1/9/2026,12:04:16 AM,10.00,0.01,0.00,-0.32,2.19,-0.01,0.00,0.10,159.93,0.11,0.01,-0.70,880.00,0.00,0.00,0.00,0.00,0.00,12.00,
1/9/2026,12:05:58 AM,10.00,0.01,0.00,-0.32,2.19,0.00,0.00,0.10,160.00,0.11,0.01,-0.71,880.00,0.00,0.00,0.00,0.00,0.00,12.00,
1/9/2026,12:07:38 AM,10.00,0.01,0.00,-0.32,2.19,-0.02,0.00,0.10,160.17,0.11,0.01,-0.68,880.00,0.00,0.00,0.00,0.00,0.00,12.00,
1/9/2026,12:09:20 AM,10.00,0.01,0.00,-0.31,2.19,0.03,0.00,0.10,163.63,0.11,0.01,-0.70,880.00,0.00,0.00,0.00,0.00,0.00,12.00,
1/9/2026,12:11:00 AM,10.00,0.01,0.00,-0.32,2.19,-0.01,0.00,0.10,163.87,0.11,0.01,-0.72,880.00,0.00,0.00,0.00,0.00,0.00,12.00,
1/9/2026,12:12:44 AM,10.00,0.01,0.00,-0.32,2.19,-0.02,0.00,0.10,167.60,0.11,0.01,-0.67,880.00,0.00,0.00,0.00,0.00,0.00,12.00,
1/9/2026,12:14:26 AM,10.00,0.01,0.00,-0.32,2.19,-0.03,0.00,0.10,163.75,0.11,0.01,-0.77,880.00,0.00,0.00,0.00,0.00,0.00,12.00,
1/9/2026,12:16:09 AM,10.00,0.01,0.00,-0.32,2.19,-0.02,0.00,0.10,167.68,0.11,0.01,-0.76,880.00,0.00,0.00,0.00,0.00,0.00,12.00,
1/9/2026,12:17:56 AM,10.00,0.01,0.00,-0.32,2.19,-0.03,0.00,0.10,167.72,0.11,0.01,-0.76,880.00,0.00,0.00,0.00,0.00,0.00,12.00,
1/9/2026,12:19:39 AM,10.00,0.01,0.00,-0.32,2.19,0.02,0.00,0.10,171.69,0.11,0.01,-0.74,880.00,0.00,0.00,0.00,0.00,0.00,12.00,
1/9/2026,12:21:20 AM,10.00,0.01,0.00,-0.33,2.19,0.08,0.00,0.10,171.77,0.11,0.01,-0.73,880.00,0.00,0.00,0.00,0.00,0.00,12.00,
1/9/2026,12:23:00 AM,10.00,0.01,0.00,-0.31,2.19,0.02,0.00,0.10,171.73,0.11,0.01,-0.72,880.00,0.00,0.00,0.00,0.00,0.00,12.00,
1/9/2026,12:24:43 AM,10.00,0.01,0.00,-0.31,2.19,-0.03,0.00,0.10,175.61,0.11,0.01,-0.71,880.00,0.00,0.00,0.00,0.00,0.00,12.00,
1/9/2026,12:26:27 AM,10.00,0.01,0.00,-0.32,2.19,0.04,0.00,0.10,179.39,0.11,0.01,-0.72,880.00,0.00,0.00,0.00,0.00,0.00,12.00,
1/9/2026,12:28:16 AM,10.00,0.01,0.00,-0.32,2.19,-0.04,0.00,0.10,167.74,0.11,0.01,-0.66,880.00,0.00,0.00,0.00,0.00,0.00,12.00,
1/9/2026,12:30:01 AM,10.00,0.01,0.00,-0.32,2.19,-0.00,0.00,0.10,167.68,0.11,0.01,-0.70,880.00,0.00,0.00,0.00,0.00,0.00,12.00,
1/9/2026,12:31:47 AM,10.00,0.01,0.00,-0.32,2.19,0.03,0.00,0.10,167.68,0.11,0.01,-0.67,880.00,0.00,0.00,0.00,0.00,0.00,12.00,
1/9/2026,12:33:37 AM,10.00,0.01,0.00,-0.32,2.19,0.08,0.00,0.10,171.76,0.11,0.01,-0.73,880.00,0.00,0.00,0.00,0.00,0.00,12.00,
1/9/2026,12:35:25 AM,10.00,0.01,0.00,-0.33,2.19,0.08,0.00,0.10,171.55,0.11,0.01,-0.68,880.00,0.00,0.00,0.00,0.00,0.00,12.00,
1/9/2026,12:37:13 AM,10.00,0.01,0.00,-0.32,2.19,0.02,0.00,0.10,163.68,0.11,0.01,-0.69,880.00,0.00,0.00,0.00,0.00,0.00,12.00,
1/9/2026,12:38:56 AM,10.00,0.01,0.00,-0.32,2.19,-0.02,0.00,0.10,163.73,0.11,0.01,-0.69,880.00,0.00,0.00,0.00,0.00,0.00,12.00,
1/9/2026,12:40:40 AM,10.00,0.01,0.00,-0.32,2.19,-0.01,0.00,0.10,163.78,0.11,0.01,-0.77,880.00,0.00,0.00,0.00,0.00,0.00,12.00,
1/9/2026,12:42:29 AM,10.00,0.01,0.00,-0.32,2.19,0.08,0.00,0.10,167.72,0.11,0.01,-0.75,880.00,0.00,0.00,0.00,0.00,0.00,12.00,
1/9/2026,12:44:15 AM,10.00,0.01,0.00,-0.32,2.19,-0.03,0.00,0.10,167.68,0.11,0.01,-0.68,880.00,0.00,0.00,0.00,0.00,0.00,12.00,
1/9/2026,12:46:04 AM,10.00,0.01,0.00,-0.32,2.19,0.01,0.00,0.10,167.70,0.11,0.01,-0.74,880.00,0.00,0.00,0.00,0.00,0.00,12.00,
1/9/2026,12:47:50 AM,10.00,0.01,0.00,-0.32,2.19,0.08,0.00,0.10,167.65,0.11,0.01,-0.74,880.00,0.00,0.00,0.00,0.00,0.00,12.00,
1/9/2026,12:49:36 AM,10.00,0.01,0.00,-0.32,2.19,0.02,0.00,0.10,171.60,0.11,0.01,-0.70,880.00,0.00,0.00,0.00,0.00,0.00,12.00,
1/9/2026,12:51:24 AM,10.00,0.01,0.00,-0.32,2.19,-0.03,0.00,0.10,171.60,0.11,0.01,-0.68,880.00,0.00,0.00,0.00,0.00,0.00,12.00,
1/9/2026,12:53:14 AM,10.00,0.01,0.00,-0.32,2.19,0.04,0.00,0.10,175.59,0.11,0.01,-0.71,880.00,0.00,0.00,0.00,0.00,0.00,12.00,
1/9/2026,12:55:01 AM,10.00,0.01,0.00,-0.32,2.19,0.06,0.00,0.10,171.59,0.11,0.01,-0.73,880.00,0.00,0.00,0.00,0.00,0.00,12.00,
1/9/2026,12:56:49 AM,10.00,0.01,0.00,-0.32,2.19,-0.01,0.00,0.10,171.71,0.11,0.01,-0.72,880.00,0.00,0.00,0.00,0.00,0.00,12.00,
1/9/2026,12:58:37 AM,10.00,0.01,0.00,-0.32,2.19,0.08,0.00,0.10,175.53,0.11,0.01,-0.67,880.00,0.00,0.00,0.00,0.00,0.00,12.00,
1/9/2026,1:00:24 AM,10.00,0.01,0.00,-0.32,2.19,-0.03,0.00,0.10,175.65,0.11,0.01,-0.70,880.00,0.00,0.00,0.00,0.00,0.00,12.00,
1/9/2026,1:02:14 AM,10.00,0.01,0.00,-0.32,2.19,-0.01,0.00,0.10,175.62,0.11,0.01,-0.71,880.00,0.00,0.00,0.00,0.00,0.00,12.00,
1/9/2026,1:04:01 AM,10.00,0.01,0.00,-0.32,2.19,-0.03,0.00,0.10,175.67,0.11,0.01,-0.67,880.00,0.00,0.00,0.00,0.00,0.00,12.00,
1/9/2026,1:05:54 AM,10.00,0.01,0.00,-0.32,2.19,0.03,0.00,0.10,179.51,0.11,0.01,-0.73,880.00,0.00,0.00,0.00,0.00,0.00,12.00,
1/9/2026,1:07:41 AM,10.00,0.01,0.00,-0.32,2.19,0.03,0.00,0.10,175.75,0.11,0.01,-0.72,880.00,0.00,0.00,0.00,0.00,0.00,12.00,
1/9/2026,1:09:31 AM,10.00,0.01,0.00,-0.32,2.19,0.03,0.00,0.10,175.51,0.11,0.01,-0.70,880.00,0.00,0.00,0.00,0.00,0.00,12.00,
1/9/2026,1:11:20 AM,10.00,0.01,0.00,-0.32,2.19,-0.03,0.00,0.10,179.36,0.11,0.01,-0.71,880.00,0.00,0.00,0.00,0.00,0.00,12.00,
1/9/2026,1:13:09 AM,10.00,0.01,0.00,-0.32,2.19,-0.03,0.00,0.10,179.37,0.11,0.01,-0.72,880.00,0.00,0.00,0.00,0.00,0.00,12.00,
1/9/2026,1:14:57 AM,10.00,0.01,0.00,-0.32,2.19,0.05,0.00,0.10,183.41,0.11,0.01,-0.71,880.00,0.00,0.00,0.00,0.00,0.00,12.00,
1/9/2026,1:16:44 AM,10.00,0.01,0.00,-0.32,2.19,-0.02,0.00,0.10,183.53,0.11,0.01,-0.72,880.00,0.00,0.00,0.00,0.00,0.00,12.00,
1/9/2026,1:18:34 AM,10.00,0.01,0.00,-0.32,2.19,0.05,0.00,0.10,187.84,0.11,0.01,-0.71,880.00,0.00,0.00,0.00,0.00,0.00,12.00,
1/9/2026,1:20:25 AM,10.00,0.01,0.00,-0.32,2.19,0.02,0.00,0.10,188.04,0.11,0.01,-0.70,880.00,0.00,0.00,0.00,0.00,0.00,12.00,
1/9/2026,1:22:15 AM,10.00,0.01,0.00,-0.32,2.19,0.05,0.00,0.10,192.12,0.11,0.01,-0.66,880.00,0.00,0.00,0.00,0.00,0.00,12.00,
1/9/2026,1:24:12 AM,10.00,0.01,0.00,-0.32,2.19,0.03,0.00,0.10,183.76,0.11,0.01,-0.70,880.00,0.00,0.00,0.00,0.00,0.00,12.00,
1/9/2026,1:26:05 AM,10.00,0.01,0.00,-0.32,2.19,0.05,0.00,0.10,187.73,0.11,0.01,-0.73,880.00,0.00,0.00,0.00,0.00,0.00,12.00,
1/9/2026,1:27:57 AM,10.00,0.01,0.00,-0.32,2.19,-0.02,0.00,0.10,187.77,0.11,0.01,-0.74,880.00,0.00,0.00,0.00,0.00,0.00,12.00,
1/9/2026,1:29:54 AM,10.00,0.01,0.00,-0.32,2.19,0.08,0.00,0.10,187.65,0.11,0.01,-0.72,880.00,0.00,0.00,0.00,0.00,0.00,12.00,
1/9/2026,1:31:47 AM,10.00,0.01,0.00,-0.33,2.19,-0.03,0.00,0.10,192.11,0.11,0.01,-0.69,880.00,0.00,0.00,0.00,0.00,0.00,12.00,
1/9/2026,1:33:41 AM,10.00,0.01,0.00,-0.32,2.19,-0.03,0.00,0.10,187.77,0.11,0.01,-0.72,880.00,0.00,0.00,0.00,0.00,0.00,12.00,
1/9/2026,1:35:39 AM,10.00,0.01,0.00,-0.32,2.19,0.05,0.00,0.10,192.13,0.11,0.01,-0.73,880.00,0.00,0.00,0.00,0.00,0.00,12.00,
1/9/2026,1:37:31 AM,10.00,0.01,0.00,-0.32,2.19,0.00,0.00,0.10,192.13,0.11,0.01,-0.70,880.00,0.00,0.00,0.00,0.00,0.00,12.00,
1/9/2026,1:39:25 AM,10.00,0.01,0.00,-0.32,2.19,-0.01,0.00,0.10,192.03,0.11,0.01,-0.72,880.00,0.00,0.00,0.00,0.00,0.00,12.00,
1/9/2026,1:41:20 AM,10.00,0.01,0.00,-0.32,2.19,0.05,0.00,0.10,196.54,0.11,0.01,-0.70,880.00,0.00,0.00,0.00,0.00,0.00,12.00,
1/9/2026,1:43:15 AM,10.00,0.01,0.00,-0.32,2.19,0.08,0.00,0.10,192.13,0.11,0.01,-0.71,880.00,0.00,0.00,0.00,0.00,0.00,12.00,
1/9/2026,1:45:08 AM,10.00,0.01,0.00,-0.32,2.19,-0.04,0.00,0.10,192.11,0.11,0.01,-0.70,880.00,0.00,0.00,0.00,0.00,0.00,12.00,
1/9/2026,1:47:03 AM,10.00,0.01,0.00,-0.32,2.19,0.07,0.00,0.10,196.44,0.11,0.01,-0.61,880.00,0.00,0.00,0.00,0.00,0.00,12.00,
1/9/2026,1:48:58 AM,10.00,0.01,0.00,-0.32,2.19,-0.03,0.00,0.10,201.19,0.11,0.01,-0.70,880.00,0.00,0.00,0.00,0.00,0.00,12.00,
1/9/2026,1:50:50 AM,10.00,0.01,0.00,-0.32,2.19,0.02,0.00,0.10,205.61,0.11,0.01,-0.70,880.00,0.00,0.00,0.00,0.00,0.00,12.00,
1/9/2026,1:52:44 AM,10.00,0.01,0.00,-0.32,2.19,-0.02,0.00,0.10,196.54,0.11,0.01,-0.70,880.00,0.00,0.00,0.00,0.00,0.00,12.00,
1/9/2026,1:54:38 AM,10.00,0.01,0.00,-0.31,2.19,-0.03,0.00,0.10,196.45,0.11,0.01,-0.69,880.00,0.00,0.00,0.00,0.00,0.00,12.00,
1/9/2026,1:56:34 AM,10.00,0.01,0.00,-0.32,2.19,0.05,0.00,0.10,201.21,0.11,0.01,-0.65,880.00,0.00,0.00,0.00,0.00,0.00,12.00,
1/9/2026,1:58:30 AM,10.00,0.01,0.00,-0.32,2.19,0.03,0.00,0.10,201.21,0.11,0.01,-0.75,880.00,0.00,0.00,0.00,0.00,0.00,12.00,
1/9/2026,2:00:25 AM,10.00,0.01,0.00,-0.32,2.19,0.01,0.00,0.10,191.97,0.11,0.01,-0.72,880.00,0.00,0.00,0.00,0.00,0.00,12.00,
1/9/2026,2:02:23 AM,10.00,0.01,0.00,-0.32,2.19,0.08,0.00,0.10,191.99,0.11,0.01,-0.68,880.00,0.00,0.00,0.00,0.00,0.00,12.00,
1/9/2026,2:04:21 AM,10.00,0.01,0.00,-0.31,2.19,-0.03,0.00,0.10,192.01,0.11,0.01,-0.71,880.00,0.00,0.00,0.00,0.00,0.00,12.00,
1/9/2026,2:06:19 AM,10.00,0.01,0.00,-0.32,2.19,-0.04,0.00,0.10,192.00,0.11,0.01,-0.70,880.00,0.00,0.00,0.00,0.00,0.00,12.00,
1/9/2026,2:08:20 AM,10.00,0.01,0.00,-0.32,2.19,-0.03,0.00,0.10,196.54,0.11,0.01,-0.67,880.00,0.00,0.00,0.00,0.00,0.00,12.00,
1/9/2026,2:10:19 AM,10.00,0.01,0.00,-0.32,2.19,-0.02,0.00,0.10,196.52,0.11,0.01,-0.72,880.00,0.00,0.00,0.00,0.00,0.00,12.00,
1/9/2026,2:12:20 AM,10.00,0.01,0.00,-0.31,2.19,0.05,0.00,0.10,196.46,0.11,0.01,-0.71,880.00,0.00,0.00,0.00,0.00,0.00,12.00,
1/9/2026,2:14:21 AM,10.00,0.01,0.00,-0.32,2.19,-0.02,0.00,0.10,196.49,0.11,0.01,-0.68,880.00,0.00,0.00,0.00,0.00,0.00,12.00,
1/9/2026,2:16:22 AM,10.00,0.01,0.00,-0.32,2.19,-0.04,0.00,0.10,196.72,0.11,0.01,-0.72,880.00,0.00,0.00,0.00,0.00,0.00,12.00,
1/9/2026,2:18:25 AM,10.00,0.01,0.00,-0.32,2.19,-0.03,0.00,0.10,200.97,0.11,0.01,-0.70,880.00,0.00,0.00,0.00,0.00,0.00,12.00,
1/9/2026,2:20:30 AM,10.00,0.01,0.00,-0.32,2.19,-0.02,0.00,0.10,210.41,0.11,0.01,-0.64,880.00,0.00,0.00,0.00,0.00,0.00,12.00,
1/9/2026,2:22:32 AM,10.00,0.01,0.00,-0.32,2.19,0.06,0.00,0.10,196.46,0.11,0.01,-0.75,880.00,0.00,0.00,0.00,0.00,0.00,12.00,
1/9/2026,2:24:37 AM,10.00,0.01,0.00,-0.32,2.19,0.08,0.00,0.10,171.53,0.11,0.01,-0.72,880.00,0.00,0.00,0.00,0.00,0.00,12.00,
1/9/2026,2:26:43 AM,10.00,0.01,0.00,-0.32,2.19,0.04,0.00,0.10,138.91,0.11,0.01,-0.67,880.00,0.00,0.00,0.00,0.00,0.00,12.00,
1/9/2026,2:28:51 AM,10.00,0.01,0.00,-0.32,2.19,-0.04,0.00,0.10,139.03,0.11,0.01,-0.69,880.00,0.00,0.00,0.00,0.00,0.00,12.00,
1/9/2026,2:30:54 AM,10.00,0.01,0.00,-0.32,2.19,-0.03,0.00,0.10,138.98,0.11,0.01,-0.76,880.00,0.00,0.00,0.00,0.00,0.00,12.00,
1/9/2026,2:33:00 AM,10.00,0.01,0.00,-0.31,2.19,0.03,0.00,0.10,138.98,0.11,0.01,-0.73,880.00,0.00,0.00,0.00,0.00,0.00,12.00,
1/9/2026,2:35:04 AM,10.00,0.01,0.00,-0.32,2.19,-0.04,0.00,0.10,132.64,0.11,0.01,-0.72,880.00,0.00,0.00,0.00,0.00,0.00,12.00,
1/9/2026,2:37:06 AM,10.00,0.01,0.00,-0.32,2.19,0.04,0.00,0.10,129.46,0.11,0.01,-0.69,880.00,0.00,0.00,0.00,0.00,0.00,12.00,
1/9/2026,2:39:09 AM,10.00,0.01,0.00,-0.32,2.19,-0.04,0.00,0.10,132.63,0.11,0.01,-0.69,880.00,0.00,0.00,0.00,0.00,0.00,12.00,
1/9/2026,2:41:08 AM,10.00,0.01,0.00,-0.32,2.19,0.04,0.00,0.10,135.88,0.11,0.01,-0.73,880.00,0.00,0.00,0.00,0.00,0.00,12.00,
1/9/2026,2:43:11 AM,10.00,0.01,0.00,-0.32,2.19,-0.04,0.00,0.10,132.72,0.11,0.01,-0.69,880.00,0.00,0.00,0.00,0.00,0.00,12.00,
1/9/2026,2:45:09 AM,10.00,0.01,0.00,-0.32,2.19,-0.04,0.00,0.10,135.80,0.11,0.01,-0.70,880.00,0.00,0.00,0.00,0.00,0.00,12.00,
1/9/2026,2:47:10 AM,10.00,0.01,0.00,-0.32,2.19,0.07,0.00,0.10,135.91,0.11,0.01,-0.72,880.00,0.00,0.00,0.00,0.00,0.00,12.00,
1/9/2026,2:49:09 AM,10.00,0.01,0.00,-0.32,2.19,-0.04,0.00,0.10,142.17,0.11,0.01,-0.70,880.00,0.00,0.00,0.00,0.00,0.00,12.00,
1/9/2026,2:51:09 AM,10.00,0.01,0.00,-0.32,2.19,0.07,0.00,0.10,139.01,0.11,0.01,-0.67,880.00,0.00,0.00,0.00,0.00,0.00,12.00,
1/9/2026,2:53:09 AM,10.00,0.01,0.00,-0.32,2.19,0.05,0.00,0.10,142.18,0.11,0.01,-0.68,880.00,0.00,0.00,0.00,0.00,0.00,12.00,
1/9/2026,2:55:10 AM,10.00,0.01,0.00,-0.32,2.19,0.07,0.00,0.10,152.67,0.11,0.01,-0.73,880.00,0.00,0.00,0.00,0.00,0.00,12.00,
1/9/2026,2:57:14 AM,10.00,0.01,0.00,-0.32,2.19,0.08,0.00,0.10,139.04,0.11,0.01,-0.71,880.00,0.00,0.00,0.00,0.00,0.00,12.00,
1/9/2026,2:59:18 AM,10.00,0.01,0.00,-0.32,2.19,-0.03,0.00,0.10,138.94,0.11,0.01,-0.71,880.00,0.00,0.00,0.00,0.00,0.00,12.00,
1/9/2026,3:01:20 AM,10.00,0.01,0.00,-0.32,2.19,-0.04,0.00,0.10,138.83,0.11,0.01,-0.68,880.00,0.00,0.00,0.00,0.00,0.00,12.00,
1/9/2026,3:03:25 AM,10.00,0.01,0.00,-0.32,2.19,0.03,0.00,0.10,138.97,0.11,0.01,-0.70,880.00,0.00,0.00,0.00,0.00,0.00,12.00,
1/9/2026,3:05:29 AM,10.00,0.01,0.00,-0.32,2.19,-0.03,0.00,0.10,138.97,0.11,0.01,-0.73,880.00,0.00,0.00,0.00,0.00,0.00,12.00,
1/9/2026,3:07:36 AM,10.00,0.01,0.00,-0.32,2.19,-0.04,0.00,0.10,142.28,0.11,0.01,-0.70,880.00,0.00,0.00,0.00,0.00,0.00,12.00,
1/9/2026,3:09:40 AM,10.00,0.01,0.00,-0.32,2.19,-0.00,0.00,0.10,145.54,0.11,0.01,-0.75,880.00,0.00,0.00,0.00,0.00,0.00,12.00,
1/9/2026,3:11:43 AM,10.00,0.01,0.00,-0.32,2.19,-0.02,0.00,0.10,113.14,0.11,0.01,-0.73,880.00,0.00,0.00,0.00,0.00,0.00,12.00,
1/9/2026,3:13:47 AM,10.00,0.01,0.00,-0.32,2.19,0.05,0.00,0.10,113.00,0.11,0.01,-0.70,880.00,0.00,0.00,0.00,0.00,0.00,12.00,
1/9/2026,3:15:50 AM,10.00,0.01,0.00,-0.32,2.19,-0.04,0.00,0.10,113.13,0.11,0.01,-0.71,880.00,0.00,0.00,0.00,0.00,0.00,12.00,
1/9/2026,3:17:54 AM,10.00,0.01,0.00,-0.32,2.19,0.06,0.00,0.10,113.11,0.11,0.01,-0.72,880.00,0.00,0.00,0.00,0.00,0.00,12.00,
1/9/2026,3:19:58 AM,10.00,0.01,0.00,-0.32,2.19,0.01,0.00,0.10,113.22,0.11,0.01,-0.71,880.00,0.00,0.00,0.00,0.00,0.00,12.00,
1/9/2026,3:22:05 AM,10.00,0.01,0.00,-0.32,2.19,-0.03,0.00,0.10,115.61,0.11,0.01,-0.71,880.00,0.00,0.00,0.00,0.00,0.00,12.00,
1/9/2026,3:24:13 AM,10.00,0.01,0.00,-0.32,2.19,-0.03,0.00,0.10,115.66,0.11,0.01,-0.68,880.00,0.00,0.00,0.00,0.00,0.00,12.00,
1/9/2026,3:26:24 AM,10.00,0.01,0.00,-0.32,2.19,0.07,0.00,0.10,123.63,0.11,0.01,-0.73,880.00,0.00,0.00,0.00,0.00,0.00,12.00,
1/9/2026,3:28:33 AM,10.00,0.01,0.00,-0.32,2.19,-0.03,0.00,0.10,113.01,0.11,0.01,-0.69,880.00,0.00,0.00,0.00,0.00,0.00,12.00,
1/9/2026,3:30:46 AM,10.00,0.01,0.00,-0.32,2.19,0.00,0.00,0.10,115.69,0.11,0.01,-0.72,880.00,0.00,0.00,0.00,0.00,0.00,12.00,
1/9/2026,3:32:54 AM,10.00,0.01,0.00,-0.32,2.19,-0.02,0.00,0.10,115.75,0.11,0.01,-0.68,880.00,0.00,0.00,0.00,0.00,0.00,12.00,
1/9/2026,3:35:06 AM,10.00,0.01,0.00,-0.32,2.19,0.07,0.00,0.10,115.68,0.11,0.01,-0.72,880.00,0.00,0.00,0.00,0.00,0.00,12.00,
1/9/2026,3:37:18 AM,10.00,0.01,0.00,-0.32,2.19,-0.02,0.00,0.10,118.40,0.11,0.01,-0.69,880.00,0.00,0.00,0.00,0.00,0.00,12.00,
1/9/2026,3:39:27 AM,10.00,0.01,0.00,-0.32,2.19,0.03,0.00,0.10,118.48,0.11,0.01,-0.75,880.00,0.00,0.00,0.00,0.00,0.00,12.00,
1/9/2026,3:41:42 AM,10.00,0.01,0.00,-0.32,2.19,-0.01,0.00,0.10,121.11,0.11,0.01,-0.71,880.00,0.00,0.00,0.00,0.00,0.00,12.00,
1/9/2026,3:43:53 AM,10.00,0.01,0.00,-0.32,2.19,-0.04,0.00,0.10,123.69,0.11,0.01,-0.70,880.00,0.00,0.00,0.00,0.00,0.00,12.00,
1/9/2026,3:46:03 AM,10.00,0.01,0.00,-0.32,2.19,-0.03,0.00,0.10,115.67,0.11,0.01,-0.71,880.00,0.00,0.00,0.00,0.00,0.00,12.00,
1/9/2026,3:48:15 AM,10.00,0.01,0.00,-0.32,2.19,-0.02,0.00,0.10,115.58,0.11,0.01,-0.69,880.00,0.00,0.00,0.00,0.00,0.00,12.00,
1/9/2026,3:50:25 AM,10.00,0.01,0.00,-0.32,2.19,-0.04,0.00,0.10,115.50,0.11,0.01,-0.70,880.00,0.00,0.00,0.00,0.00,0.00,12.00,
1/9/2026,3:52:34 AM,10.00,0.01,0.00,-0.32,2.19,-0.02,0.00,0.10,118.25,0.11,0.01,-0.70,880.00,0.00,0.00,0.00,0.00,0.00,12.00,
1/9/2026,3:54:43 AM,10.00,0.01,0.00,-0.32,2.19,0.05,0.00,0.10,118.34,0.11,0.01,-0.69,880.00,0.00,0.00,0.00,0.00,0.00,12.00,
1/9/2026,3:56:49 AM,10.00,0.01,0.00,-0.32,2.19,-0.03,0.00,0.10,115.69,0.11,0.01,-0.70,880.00,0.00,0.00,0.00,0.00,0.00,12.00,
1/9/2026,3:59:03 AM,10.00,0.01,0.00,-0.32,2.19,0.04,0.00,0.10,115.60,0.11,0.01,-0.72,880.00,0.00,0.00,0.00,0.00,0.00,12.00,
1/9/2026,4:01:09 AM,10.00,0.01,0.00,-0.32,2.19,0.01,0.00,0.10,118.34,0.11,0.01,-0.69,880.00,0.00,0.00,0.00,0.00,0.00,12.00,
1/9/2026,4:03:20 AM,10.00,0.01,0.00,-0.32,2.19,0.05,0.00,0.10,118.27,0.11,0.01,-0.69,880.00,0.00,0.00,0.00,0.00,0.00,12.00,
1/9/2026,4:05:28 AM,10.00,0.01,0.00,-0.32,2.19,-0.04,0.00,0.10,118.41,0.11,0.01,-0.67,880.00,0.00,0.00,0.00,0.00,0.00,12.00,
1/9/2026,4:07:37 AM,10.00,0.01,0.00,-0.32,2.19,0.06,0.00,0.10,118.27,0.11,0.01,-0.67,880.00,0.00,0.00,0.00,0.00,0.00,12.00,
1/9/2026,4:09:44 AM,10.00,0.01,0.00,-0.32,2.19,-0.01,0.00,0.10,121.06,0.11,0.01,-0.68,880.00,0.00,0.00,0.00,0.00,0.00,12.00,
1/9/2026,4:11:51 AM,10.00,0.01,0.00,-0.32,2.19,0.02,0.00,0.10,121.08,0.11,0.01,-0.68,880.00,0.00,0.00,0.00,0.00,0.00,12.00,
1/9/2026,4:14:03 AM,10.00,0.01,0.00,-0.32,2.19,0.02,0.00,0.10,121.16,0.11,0.01,-0.69,880.00,0.00,0.00,0.00,0.00,0.00,12.00,
1/9/2026,4:16:11 AM,10.00,0.01,0.00,-0.32,2.19,0.06,0.00,0.10,123.71,0.11,0.01,-0.71,880.00,0.00,0.00,0.00,0.00,0.00,12.00,
1/9/2026,4:18:19 AM,10.00,0.01,0.00,-0.32,2.19,0.02,0.00,0.10,123.64,0.11,0.01,-0.66,880.00,0.00,0.00,0.00,0.00,0.00,12.00,
1/9/2026,4:20:26 AM,10.00,0.01,0.00,-0.32,2.19,0.06,0.00,0.10,126.55,0.11,0.01,-0.67,880.00,0.00,0.00,0.00,0.00,0.00,12.00,
1/9/2026,4:22:33 AM,10.00,0.01,0.00,-0.32,2.19,-0.04,0.00,0.10,126.57,0.11,0.01,-0.71,880.00,0.00,0.00,0.00,0.00,0.00,12.00,
1/9/2026,4:24:39 AM,10.00,0.01,0.00,-0.32,2.19,0.03,0.00,0.10,129.62,0.11,0.01,-0.69,880.00,0.00,0.00,0.00,0.00,0.00,12.00,
1/9/2026,4:26:44 AM,10.00,0.01,0.00,-0.32,2.19,0.01,0.00,0.10,126.48,0.11,0.01,-0.69,880.00,0.00,0.00,0.00,0.00,0.00,12.00,
1/9/2026,4:28:50 AM,10.00,0.01,0.00,-0.32,2.19,0.06,0.00,0.10,129.49,0.11,0.01,-0.66,880.00,0.00,0.00,0.00,0.00,0.00,12.00,
1/9/2026,4:30:57 AM,10.00,0.01,0.00,-0.32,2.19,-0.04,0.00,0.10,132.56,0.11,0.01,-0.67,880.00,0.00,0.00,0.00,0.00,0.00,12.00,
1/9/2026,4:33:04 AM,10.00,0.01,0.00,-0.31,2.19,-0.00,0.00,0.10,135.67,0.11,0.01,-0.68,880.00,0.00,0.00,0.00,0.00,0.00,12.00,
1/9/2026,4:35:08 AM,10.00,0.01,0.00,-0.32,2.19,-0.01,0.00,0.10,135.67,0.11,0.01,-0.73,880.00,0.00,0.00,0.00,0.00,0.00,12.00,
1/9/2026,4:37:11 AM,10.00,0.01,0.00,-0.32,2.19,0.01,0.00,0.10,138.89,0.11,0.01,-0.68,880.00,0.00,0.00,0.00,0.00,0.00,12.00,
1/9/2026,4:39:16 AM,10.00,0.01,0.00,-0.32,2.19,-0.04,0.00,0.10,142.32,0.11,0.01,-0.72,880.00,0.00,0.00,0.00,0.00,0.00,12.00,
1/9/2026,4:41:19 AM,10.00,0.01,0.00,-0.31,2.19,-0.03,0.00,0.10,145.86,0.11,0.01,-0.73,880.00,0.00,0.00,0.00,0.00,0.00,12.00,
1/9/2026,4:43:21 AM,10.00,0.01,0.00,-0.32,2.19,0.04,0.00,0.10,149.14,0.11,0.01,-0.70,880.00,0.00,0.00,0.00,0.00,0.00,12.00,
1/9/2026,4:45:21 AM,10.00,0.01,0.00,-0.32,2.19,-0.01,0.00,0.10,135.65,0.11,0.01,-0.74,880.00,0.00,0.00,0.00,0.00,0.00,12.00,
1/9/2026,4:47:26 AM,10.00,0.01,0.00,-0.32,2.19,-0.03,0.00,0.10,129.67,0.11,0.01,-0.73,880.00,0.00,0.00,0.00,0.00,0.00,12.00,
1/9/2026,4:49:28 AM,10.00,0.01,0.00,-0.31,2.19,-0.03,0.00,0.10,132.59,0.11,0.01,-0.65,880.00,0.00,0.00,0.00,0.00,0.00,12.00,
1/9/2026,4:51:32 AM,10.00,0.01,0.00,-0.32,2.19,0.04,0.00,0.10,126.60,0.11,0.01,-0.74,880.00,0.00,0.00,0.00,0.00,0.00,12.00,
1/9/2026,4:53:35 AM,10.00,0.01,0.00,-0.32,2.19,0.00,0.00,0.10,129.56,0.11,0.01,-0.71,880.00,0.00,0.00,0.00,0.00,0.00,12.00,
1/9/2026,4:55:42 AM,10.00,0.01,0.00,-0.32,2.19,-0.01,0.00,0.10,129.65,0.11,0.01,-0.68,880.00,0.00,0.00,0.00,0.00,0.00,12.00,
1/9/2026,4:57:46 AM,10.00,0.01,0.00,-0.31,2.19,-0.03,0.00,0.10,138.83,0.11,0.01,-0.67,880.00,0.00,0.00,0.00,0.00,0.00,12.00,
1/9/2026,4:59:53 AM,10.00,0.01,0.00,-0.32,2.19,-0.01,0.00,0.10,123.66,0.11,0.01,-0.69,880.00,0.00,0.00,0.00,0.00,0.00,12.00,
1/9/2026,5:02:04 AM,10.00,0.01,0.00,-0.32,2.19,0.04,0.00,0.10,126.54,0.11,0.01,-0.74,880.00,0.00,0.00,0.00,0.00,0.00,12.00,
1/9/2026,5:04:11 AM,10.00,0.01,0.00,-0.32,2.19,-0.01,0.00,0.10,129.65,0.11,0.01,-0.73,880.00,0.00,0.00,0.00,0.00,0.00,12.00,
1/9/2026,5:06:16 AM,10.00,0.01,0.00,-0.32,2.19,0.04,0.00,0.10,126.59,0.11,0.01,-0.66,880.00,0.00,0.00,0.00,0.00,0.00,12.00,
1/9/2026,5:08:24 AM,10.00,0.01,0.00,-0.32,2.19,-0.03,0.00,0.10,126.51,0.11,0.01,-0.70,880.00,0.00,0.00,0.00,0.00,0.00,12.00,
1/9/2026,5:10:46 AM,10.00,0.01,0.00,-0.33,2.19,0.04,0.00,0.10,129.54,0.11,0.01,-0.72,880.00,0.00,0.00,0.00,0.00,0.00,12.00,
1/9/2026,5:12:56 AM,10.00,0.01,0.00,-0.32,2.19,-0.01,0.00,0.10,129.49,0.11,0.01,-0.70,880.00,0.00,0.00,0.00,0.00,0.00,12.00,
1/9/2026,5:15:12 AM,10.00,0.01,0.00,-0.32,2.19,0.08,0.00,0.10,132.59,0.11,0.01,-0.71,880.00,0.00,0.00,0.00,0.00,0.00,12.00,
1/9/2026,5:17:28 AM,10.00,0.01,0.00,-0.31,2.19,-0.03,0.00,0.10,132.48,0.11,0.01,-0.70,880.00,0.00,0.00,0.00,0.00,0.00,12.00,
1/9/2026,5:19:43 AM,10.00,0.01,0.00,-0.32,2.19,-0.01,0.00,0.10,135.63,0.11,0.01,-0.69,880.00,0.00,0.00,0.00,0.00,0.00,12.00,
1/9/2026,5:22:02 AM,10.00,0.01,0.00,-0.32,2.19,-0.04,0.00,0.10,132.57,0.11,0.01,-0.68,880.00,0.00,0.00,0.00,0.00,0.00,12.00,
1/9/2026,5:24:12 AM,10.00,0.01,0.00,-0.32,2.19,-0.02,0.00,0.10,135.73,0.11,0.01,-0.67,880.00,0.00,0.00,0.00,0.00,0.00,12.00,
1/9/2026,5:26:24 AM,10.00,0.01,0.00,-0.32,2.19,0.03,0.00,0.10,138.93,0.11,0.01,-0.70,880.00,0.00,0.00,0.00,0.00,0.00,12.00,
1/9/2026,5:28:37 AM,10.00,0.01,0.00,-0.32,2.19,0.01,0.00,0.10,135.64,0.11,0.01,-0.70,880.00,0.00,0.00,0.00,0.00,0.00,12.00,
1/9/2026,5:30:51 AM,10.00,0.01,0.00,-0.32,2.19,-0.02,0.00,0.10,138.93,0.11,0.01,-0.66,880.00,0.00,0.00,0.00,0.00,0.00,12.00,
1/9/2026,5:33:01 AM,10.00,0.01,0.00,-0.32,2.19,0.04,0.00,0.10,138.98,0.11,0.01,-0.72,880.00,0.00,0.00,0.00,0.00,0.00,12.00,
1/9/2026,5:35:19 AM,10.00,0.01,0.00,-0.32,2.19,0.02,0.00,0.10,138.87,0.11,0.01,-0.69,880.00,0.00,0.00,0.00,0.00,0.00,12.00,
1/9/2026,5:37:30 AM,10.00,0.01,0.00,-0.32,2.19,0.08,0.00,0.10,135.58,0.11,0.01,-0.71,880.00,0.00,0.00,0.00,0.00,0.00,12.00,
1/9/2026,5:39:39 AM,10.00,0.01,0.00,-0.32,2.19,-0.02,0.00,0.10,135.49,0.11,0.01,-0.71,880.00,0.00,0.00,0.00,0.00,0.00,12.00,
1/9/2026,5:41:52 AM,10.00,0.01,0.00,-0.32,2.19,0.07,0.00,0.10,138.87,0.11,0.01,-0.70,880.00,0.00,0.00,0.00,0.00,0.00,12.00,
1/9/2026,5:44:03 AM,10.00,0.01,0.00,-0.32,2.19,-0.03,0.00,0.10,142.11,0.11,0.01,-0.69,880.00,0.00,0.00,0.00,0.00,0.00,12.00,
1/9/2026,5:46:13 AM,10.00,0.01,0.00,-0.32,2.19,-0.01,0.00,0.10,142.10,0.11,0.01,-0.69,880.00,0.00,0.00,0.00,0.00,0.00,12.00,
1/9/2026,5:48:23 AM,10.00,0.01,0.00,-0.32,2.19,0.03,0.00,0.10,142.28,0.11,0.01,-0.69,880.00,0.00,0.00,0.00,0.00,0.00,12.00,
1/9/2026,5:50:37 AM,10.00,0.01,0.00,-0.32,2.19,0.07,0.00,0.10,145.53,0.11,0.01,-0.73,880.00,0.00,0.00,0.00,0.00,0.00,12.00,
1/9/2026,5:52:50 AM,10.00,0.01,0.00,-0.32,2.19,0.03,0.00,0.10,145.69,0.11,0.01,-0.69,880.00,0.00,0.00,0.00,0.00,0.00,12.00,
1/9/2026,5:55:03 AM,10.00,0.01,0.00,-0.32,2.19,-0.04,0.00,0.10,156.04,0.11,0.01,-0.72,880.00,0.00,0.00,0.00,0.00,0.00,12.00,
1/9/2026,5:57:14 AM,10.00,0.01,0.00,-0.32,2.19,0.02,0.00,0.10,149.09,0.11,0.01,-0.65,880.00,0.00,0.00,0.00,0.00,0.00,12.00,
1/9/2026,5:59:26 AM,10.00,0.01,0.00,-0.32,2.19,0.06,0.00,0.10,152.58,0.11,0.01,-0.71,880.00,0.00,0.00,0.00,0.00,0.00,12.00,
1/9/2026,6:01:35 AM,10.00,0.01,0.00,-0.32,2.19,-0.02,0.00,0.10,156.05,0.11,0.01,-0.70,880.00,0.00,0.00,0.00,0.00,0.00,12.00,
1/9/2026,6:03:52 AM,10.00,0.01,0.00,-0.31,2.19,-0.02,0.00,0.10,152.54,0.11,0.01,-0.68,880.00,0.00,0.00,0.00,0.00,0.00,12.00,
1/9/2026,6:06:05 AM,10.00,0.01,0.00,-0.32,2.19,-0.04,0.00,0.10,159.91,0.11,0.01,-0.66,880.00,0.00,0.00,0.00,0.00,0.00,12.00,
1/9/2026,6:08:20 AM,10.00,0.01,0.00,-0.32,2.19,-0.04,0.00,0.10,163.53,0.11,0.01,-0.68,880.00,0.00,0.00,0.00,0.00,0.00,12.00,
1/9/2026,6:10:34 AM,10.00,0.01,0.00,-0.32,2.19,0.02,0.00,0.10,152.53,0.11,0.01,-0.68,880.00,0.00,0.00,0.00,0.00,0.00,12.00,
1/9/2026,6:12:47 AM,10.00,0.01,0.00,-0.32,2.19,0.01,0.00,0.10,156.29,0.11,0.01,-0.68,880.00,0.00,0.00,0.00,0.00,0.00,12.00,
1/9/2026,6:15:05 AM,10.00,0.01,0.00,-0.32,2.19,0.04,0.00,0.10,159.75,0.11,0.01,-0.73,880.00,0.00,0.00,0.00,0.00,0.00,12.00,
1/9/2026,6:17:22 AM,10.00,0.01,0.00,-0.32,2.19,-0.05,0.00,0.10,159.84,0.11,0.01,-0.65,880.00,0.00,0.00,0.00,0.00,0.00,12.00,
1/9/2026,6:19:38 AM,10.00,0.01,0.00,-0.33,2.19,0.04,0.00,0.10,167.46,0.11,0.01,-0.80,880.00,0.00,0.00,0.00,0.00,0.00,12.00,
1/9/2026,6:21:55 AM,10.00,0.01,0.00,-0.32,2.19,0.01,0.00,0.10,163.49,0.11,0.01,-0.71,880.00,0.00,0.00,0.00,0.00,0.00,12.00,
1/9/2026,6:24:11 AM,10.00,0.01,0.00,-0.32,2.19,0.01,0.00,0.10,175.57,0.11,0.01,-0.72,880.00,0.00,0.00,0.00,0.00,0.00,12.00,
1/9/2026,6:26:26 AM,10.00,0.01,0.00,-0.32,2.19,0.00,0.00,0.10,167.51,0.11,0.01,-0.71,880.00,0.00,0.00,0.00,0.00,0.00,12.00,
1/9/2026,6:28:41 AM,10.00,0.01,0.00,-0.32,2.19,0.06,0.00,0.10,171.42,0.11,0.01,-0.69,880.00,0.00,0.00,0.00,0.00,0.00,12.00,
1/9/2026,6:30:59 AM,10.00,0.01,0.00,-0.32,2.19,-0.00,0.00,0.10,183.33,0.11,0.01,-0.67,880.00,0.00,0.00,0.00,0.00,0.00,12.00,
1/9/2026,6:33:14 AM,10.00,0.01,0.00,-0.32,2.19,0.01,0.00,0.10,175.59,0.11,0.01,-0.70,880.00,0.00,0.00,0.00,0.00,0.00,12.00,
1/9/2026,6:35:32 AM,10.00,0.01,0.00,-0.31,2.19,-0.03,0.00,0.10,179.38,0.11,0.01,-0.71,880.00,0.00,0.00,0.00,0.00,0.00,12.00,
1/9/2026,6:37:48 AM,10.00,0.01,0.00,-0.32,2.19,0.06,0.00,0.10,183.53,0.11,0.01,-0.71,880.00,0.00,0.00,0.00,0.00,0.00,12.00,
1/9/2026,6:40:07 AM,10.00,0.01,0.00,-0.31,2.19,-0.02,0.00,0.10,179.35,0.11,0.01,-0.68,880.00,0.00,0.00,0.00,0.00,0.00,12.00,
1/9/2026,6:42:25 AM,10.00,0.01,0.00,-0.32,2.19,0.07,0.00,0.10,183.27,0.11,0.01,-0.73,880.00,0.00,0.00,0.00,0.00,0.00,12.00,
1/9/2026,6:44:42 AM,10.00,0.01,0.00,-0.32,2.19,0.05,0.00,0.10,171.48,0.11,0.01,-0.67,880.00,0.00,0.00,0.00,0.00,0.00,12.00,
1/9/2026,6:47:03 AM,10.00,0.01,0.00,-0.32,2.19,-0.04,0.00,0.10,171.42,0.11,0.01,-0.71,880.00,0.00,0.00,0.00,0.00,0.00,12.00,
1/9/2026,6:49:25 AM,10.00,0.01,0.00,-0.31,2.19,0.07,0.00,0.10,175.41,0.11,0.01,-0.68,880.00,0.00,0.00,0.00,0.00,0.00,12.00,
1/9/2026,6:51:42 AM,10.00,0.01,0.00,-0.32,2.19,0.06,0.00,0.10,183.45,0.11,0.01,-0.73,880.00,0.00,0.00,0.00,0.00,0.00,12.00,
